﻿伝票日付,売上日付,支払日付,業者CD,業者名,伝票区分CD,伝票区分名,品名CD,品名,正味重量,数量,単位CD,単位名,単価,金額,受入番号,集計項目CD,集計項目,種類CD,種類名,計量時間（総重量）,計量時間（空車重量）,現場CD,現場名,荷降業者CD,荷降業者名,荷降現場CD,荷降現場名,運搬業者CD,運搬業者名,取引先CD,取引先名,マニ種類CD,マニ種類名,マニフェスト番号,営業担当者CD,営業担当者名
2024/07/18(木),2024/07/18(木),2024/07/18(木),26,ｼｰﾒﾝｽﾍﾙｽｹｱ,1,売上,1,混合廃棄物A,1180,1180,3,kg,60,70800,16442,6,F（他）,1,処分費,12:04,12:16,1,ｼｰﾒﾝｽﾍﾙｽｹｱ平和島ｾﾝﾀｰ,1,ｵﾈｽﾄ,1,新木場ﾘｻｲｸﾙ工場,243,田端運輸,96,日本通運ﾛｼﾞｽﾃｨｸｽ,1,紙,,3,蛯子
2024/07/18(木),2024/07/18(木),2024/07/18(木),26,ｼｰﾒﾝｽﾍﾙｽｹｱ,1,売上,30,選別,50,50,3,kg,70,3500,16442,6,F（他）,1,処分費,12:04,12:16,1,ｼｰﾒﾝｽﾍﾙｽｹｱ平和島ｾﾝﾀｰ,1,ｵﾈｽﾄ,1,新木場ﾘｻｲｸﾙ工場,243,田端運輸,96,日本通運ﾛｼﾞｽﾃｨｸｽ,1,紙,,3,蛯子
2024/07/18(木),2024/07/18(木),2024/07/18(木),26,ｼｰﾒﾝｽﾍﾙｽｹｱ,1,売上,460,GC　軽鉄・ｽﾁｰﾙ類,450,450,3,kg,0,0,16404,6,F（他）,1,処分費,10:22,11:55,1,ｼｰﾒﾝｽﾍﾙｽｹｱ平和島ｾﾝﾀｰ,1,ｵﾈｽﾄ,1,新木場ﾘｻｲｸﾙ工場,243,田端運輸,96,日本通運ﾛｼﾞｽﾃｨｸｽ,1,紙,,3,蛯子
2024/07/18(木),2024/07/18(木),2024/07/18(木),26,ｼｰﾒﾝｽﾍﾙｽｹｱ,1,売上,461,GD,2090,2090,3,kg,0,0,16404,6,F（他）,1,処分費,10:22,11:55,1,ｼｰﾒﾝｽﾍﾙｽｹｱ平和島ｾﾝﾀｰ,1,ｵﾈｽﾄ,1,新木場ﾘｻｲｸﾙ工場,243,田端運輸,96,日本通運ﾛｼﾞｽﾃｨｸｽ,1,紙,,3,蛯子
2024/07/18(木),2024/07/18(木),2024/07/18(木),44,不二製作所,1,売上,1,混合廃棄物A,620,620,3,kg,65,40300,16396,4,D（建設）,1,処分費,9:20,9:20,0,不二製作所（本社）,1,ｵﾈｽﾄ,1,新木場ﾘｻｲｸﾙ工場,1,ｵﾈｽﾄ,123,京葉興業,2,電子,,4,山本
2024/07/18(木),2024/07/18(木),2024/07/18(木),44,不二製作所,1,売上,349,運搬費(4ｔｺﾝﾃﾅ),,1,7,台,25000,25000,16396,4,D（建設）,2,運搬費,9:20,9:20,0,不二製作所（本社）,1,ｵﾈｽﾄ,1,新木場ﾘｻｲｸﾙ工場,1,ｵﾈｽﾄ,123,京葉興業,2,電子,,4,山本
2024/07/18(木),2024/07/18(木),2024/07/18(木),71,服部運輸,1,売上,1,混合廃棄物A,220,220,3,kg,65,14300,16428,1,A（事業）,1,処分費,11:30,11:31,0,服部運輸,1,ｵﾈｽﾄ,1,新木場ﾘｻｲｸﾙ工場,71,服部運輸,58,服部運輸,1,紙,,6,川部
2024/07/18(木),2024/07/18(木),2024/07/18(木),94,ｶﾃﾞﾝﾌｧﾐﾘｰｻｰﾋﾞｽ,1,売上,1,混合廃棄物A,190,190,3,kg,65,12350,16439,2,B,1,処分費,11:54,11:54,0,ｶﾃﾞﾝﾌｧﾐﾘｰｻｰﾋﾞｽ,1,ｵﾈｽﾄ,1,新木場ﾘｻｲｸﾙ工場,94,ｶﾃﾞﾝﾌｧﾐﾘｰｻｰﾋﾞｽ,77,ｶﾃﾞﾝﾌｧﾐﾘｰｻｰﾋﾞｽ,1,紙,,7,小林
2024/07/18(木),2024/07/18(木),2024/07/18(木),129,NX商事,1,売上,38,廃ﾌﾟﾗｽﾁｯｸ類,700,700,3,kg,60,42000,16427,1,A（事業）,1,処分費,11:23,11:25,1,深川LSセンター,1,ｵﾈｽﾄ,1,新木場ﾘｻｲｸﾙ工場,1,ｵﾈｽﾄ,1226,NX商事,2,電子,,2,渡辺
2024/07/18(木),2024/07/18(木),2024/07/18(木),129,NX商事,1,売上,109,運搬費,,1,7,台,24000,24000,16427,1,A（事業）,2,運搬費,11:23,11:25,1,深川LSセンター,1,ｵﾈｽﾄ,1,新木場ﾘｻｲｸﾙ工場,1,ｵﾈｽﾄ,1226,NX商事,2,電子,,2,渡辺
2024/07/18(木),2024/07/18(木),2024/07/18(木),138,On Earth,1,売上,1,混合廃棄物A,430,430,3,kg,65,27950,16375,2,B（残置）,1,処分費,6:23,6:23,6,解体工事（練馬区）,1,ｵﾈｽﾄ,1,新木場ﾘｻｲｸﾙ工場,138,On Earth,00600X,【売掛】On Earth,1,紙,,7,小林
2024/07/18(木),2024/07/18(木),2024/07/18(木),234,成和防災,1,売上,1,混合廃棄物A,360,360,3,kg,65,23400,16409,1,A（事業）,1,処分費,10:32,10:35,0,成和防災,1,ｵﾈｽﾄ,1,新木場ﾘｻｲｸﾙ工場,1,ｵﾈｽﾄ,194,成和防災,1,紙,,7,小林
2024/07/18(木),2024/07/18(木),2024/07/18(木),234,成和防災,1,売上,46,ﾀﾞﾝﾎﾞｰﾙ,50,50,3,kg,65,3250,16409,1,A（事業）,1,処分費,10:32,10:35,0,成和防災,1,ｵﾈｽﾄ,1,新木場ﾘｻｲｸﾙ工場,1,ｵﾈｽﾄ,194,成和防災,1,紙,,7,小林
2024/07/18(木),2024/07/18(木),2024/07/18(木),234,成和防災,1,売上,109,運搬費,,1,7,台,18000,18000,16409,1,A（事業）,2,運搬費,10:32,10:35,0,成和防災,1,ｵﾈｽﾄ,1,新木場ﾘｻｲｸﾙ工場,1,ｵﾈｽﾄ,194,成和防災,1,紙,,7,小林
2024/07/18(木),2024/07/18(木),2024/07/18(木),240,山王ｽﾍﾟｰｽ&ﾚﾝﾀﾙ,1,売上,1,混合廃棄物A,40,40,3,kg,65,2600,16455,1,A（事業）,1,処分費,13:04,14:07,1,東京商品ｾﾝﾀｰ,1,ｵﾈｽﾄ,1,新木場ﾘｻｲｸﾙ工場,240,山王ｽﾍﾟｰｽ&ﾚﾝﾀﾙ,198,山王ｽﾍﾟｰｽ&ﾚﾝﾀﾙ,1,紙,,7,小林
2024/07/18(木),2024/07/18(木),2024/07/18(木),240,山王ｽﾍﾟｰｽ&ﾚﾝﾀﾙ,1,売上,1,混合廃棄物A,560,560,3,kg,65,36400,16455,1,A（事業）,1,処分費,13:04,14:07,1,東京商品ｾﾝﾀｰ,1,ｵﾈｽﾄ,1,新木場ﾘｻｲｸﾙ工場,240,山王ｽﾍﾟｰｽ&ﾚﾝﾀﾙ,198,山王ｽﾍﾟｰｽ&ﾚﾝﾀﾙ,1,紙,,7,小林
2024/07/18(木),2024/07/18(木),2024/07/18(木),240,山王ｽﾍﾟｰｽ&ﾚﾝﾀﾙ,1,売上,30,選別,260,260,3,kg,70,18200,16455,1,A（事業）,1,処分費,13:04,14:07,1,東京商品ｾﾝﾀｰ,1,ｵﾈｽﾄ,1,新木場ﾘｻｲｸﾙ工場,240,山王ｽﾍﾟｰｽ&ﾚﾝﾀﾙ,198,山王ｽﾍﾟｰｽ&ﾚﾝﾀﾙ,1,紙,,7,小林
2024/07/18(木),2024/07/18(木),2024/07/18(木),272,新建産業,1,売上,1,混合廃棄物A,310,310,3,kg,65,20150,16412,1,A（事業）,1,処分費,10:39,10:39,2,ｶﾌﾟｾﾙ薬局砂町銀座東店,1,ｵﾈｽﾄ,1,新木場ﾘｻｲｸﾙ工場,272,新建産業,222,新建産業,1,紙,,6,川部
2024/07/18(木),2024/07/18(木),2024/07/18(木),272,新建産業,1,売上,1,混合廃棄物A,2010,2010,3,kg,65,130650,16462,1,A（事業）,1,処分費,13:30,13:35,10,学校法人日本歯科大学,1,ｵﾈｽﾄ,1,新木場ﾘｻｲｸﾙ工場,272,新建産業,222,新建産業,1,紙,,6,川部
2024/07/18(木),2024/07/18(木),2024/07/18(木),286,ｷﾀｻﾞﾜ引越ｾﾝﾀｰ,1,売上,1,混合廃棄物A,800,800,3,kg,65,52000,16472,2,B（残置）,1,処分費,14:09,14:15,0,ｷﾀｻﾞﾜ引越ｾﾝﾀｰ,1,ｵﾈｽﾄ,1,新木場ﾘｻｲｸﾙ工場,286,ｷﾀｻﾞﾜ引越ｾﾝﾀｰ,230,ｷﾀｻﾞﾜ引越ｾﾝﾀｰ,1,紙,,6,川部
2024/07/18(木),2024/07/18(木),2024/07/18(木),286,ｷﾀｻﾞﾜ引越ｾﾝﾀｰ,1,売上,36,ﾏｯﾄﾚｽ(ｼﾝｸﾞﾙ),60,60,3,kg,100,6000,16472,2,B（残置）,1,処分費,14:09,14:15,0,ｷﾀｻﾞﾜ引越ｾﾝﾀｰ,1,ｵﾈｽﾄ,1,新木場ﾘｻｲｸﾙ工場,286,ｷﾀｻﾞﾜ引越ｾﾝﾀｰ,230,ｷﾀｻﾞﾜ引越ｾﾝﾀｰ,1,紙,,6,川部
2024/07/18(木),2024/07/18(木),2024/07/18(木),294,北斗JAPAN,1,売上,1,混合廃棄物A,520,520,3,kg,65,33800,16503,2,B（残置）,1,処分費,17:45,17:45,0,北斗JAPAN,1,ｵﾈｽﾄ,1,新木場ﾘｻｲｸﾙ工場,294,北斗JAPAN,237,北斗JAPAN,1,紙,,6,川部
2024/07/18(木),2024/07/18(木),2024/07/18(木),294,北斗JAPAN,1,売上,1,混合廃棄物A,770,770,3,kg,65,50050,16502,2,B,1,処分費,17:27,17:39,0,北斗JAPAN,1,ｵﾈｽﾄ,1,新木場ﾘｻｲｸﾙ工場,294,北斗JAPAN,237,北斗JAPAN,1,紙,,6,川部
2024/07/18(木),2024/07/18(木),2024/07/18(木),294,北斗JAPAN,1,売上,5,混合廃棄物(布団),60,60,3,kg,75,4500,16503,2,B（残置）,1,処分費,17:45,17:45,0,北斗JAPAN,1,ｵﾈｽﾄ,1,新木場ﾘｻｲｸﾙ工場,294,北斗JAPAN,237,北斗JAPAN,1,紙,,6,川部
2024/07/18(木),2024/07/18(木),2024/07/18(木),294,北斗JAPAN,1,売上,33,ﾀｲﾔ(ﾎｲﾙ無),40,4,9,本,2500,10000,16502,2,B,1,処分費,17:27,17:39,0,北斗JAPAN,1,ｵﾈｽﾄ,1,新木場ﾘｻｲｸﾙ工場,294,北斗JAPAN,237,北斗JAPAN,1,紙,,6,川部
2024/07/18(木),2024/07/18(木),2024/07/18(木),294,北斗JAPAN,1,売上,492,混合廃棄物（羽毛物）,10,10,3,kg,250,2500,16502,2,B,1,処分費,17:27,17:39,0,北斗JAPAN,1,ｵﾈｽﾄ,1,新木場ﾘｻｲｸﾙ工場,294,北斗JAPAN,237,北斗JAPAN,1,紙,,6,川部
2024/07/18(木),2024/07/18(木),2024/07/18(木),294,北斗JAPAN,1,売上,492,混合廃棄物（羽毛物）,10,10,3,kg,250,2500,16503,2,B（残置）,1,処分費,17:45,17:45,0,北斗JAPAN,1,ｵﾈｽﾄ,1,新木場ﾘｻｲｸﾙ工場,294,北斗JAPAN,237,北斗JAPAN,1,紙,,6,川部
2024/07/18(木),2024/07/18(木),2024/07/18(木),312,野口興業,1,売上,1,混合廃棄物A,350,350,3,kg,45,15750,16386,1,A,1,処分費,7:54,7:56,0,野口興業,1,ｵﾈｽﾄ,1,新木場ﾘｻｲｸﾙ工場,312,野口興業,253,野口興業,1,紙,,2,渡辺
2024/07/18(木),2024/07/18(木),2024/07/18(木),327,諏訪運送店,1,売上,1,混合廃棄物A,950,950,3,kg,65,61750,16395,2,B,1,処分費,9:14,9:14,0,諏訪運送店,1,ｵﾈｽﾄ,1,新木場ﾘｻｲｸﾙ工場,327,諏訪運送店,264,諏訪運送店,1,紙,,7,小林
2024/07/18(木),2024/07/18(木),2024/07/18(木),449,ﾗｲｼﾞﾝｸﾞ,1,売上,6,混合廃棄物(壁紙・ｸﾛｽ),30,30,3,kg,75,2250,16506,3,C（解体）,1,処分費,17:50,17:49,1,鳥駒第一ﾋﾞﾙ,1,ｵﾈｽﾄ,1,新木場ﾘｻｲｸﾙ工場,449,ﾗｲｼﾞﾝｸﾞ,346,ﾗｲｼﾞﾝｸﾞ,1,紙,,7,小林
2024/07/18(木),2024/07/18(木),2024/07/18(木),522,沼田資源,1,売上,22,軽量物系B(FRP),1310,1310,3,kg,80,104800,16492,4,D（建設）,1,処分費,15:34,15:40,2,西松屋・ｾﾌﾞﾝｲﾚﾌﾞﾝ柏光ヶ丘店解体工事,1,ｵﾈｽﾄ,1,新木場ﾘｻｲｸﾙ工場,8436,永利建設工業,150,永利建設工業,1,紙,,3,蛯子
2024/07/18(木),2024/07/18(木),2024/07/18(木),687,日本瓦斯君津営業所,1,売上,1,混合廃棄物A,140,140,3,kg,65,9100,16476,2,B（残置）,1,処分費,14:23,14:42,0,日本瓦斯君津営業所,1,ｵﾈｽﾄ,1,新木場ﾘｻｲｸﾙ工場,110,ﾃｲｿｳ物流ｻｰﾋﾞｽ,88,ﾃｲｿｳ物流ｻｰﾋﾞｽ,1,紙,,2,渡辺
2024/07/18(木),2024/07/18(木),2024/07/18(木),687,日本瓦斯君津営業所,1,売上,30,選別,30,30,3,kg,70,2100,16477,2,B（残置）,1,処分費,14:08,14:20,0,日本瓦斯君津営業所,1,ｵﾈｽﾄ,1,新木場ﾘｻｲｸﾙ工場,110,ﾃｲｿｳ物流ｻｰﾋﾞｽ,88,ﾃｲｿｳ物流ｻｰﾋﾞｽ,1,紙,,2,渡辺
2024/07/18(木),2024/07/18(木),2024/07/18(木),687,日本瓦斯君津営業所,1,売上,30,選別,210,210,3,kg,70,14700,16476,2,B（残置）,1,処分費,14:23,14:42,0,日本瓦斯君津営業所,1,ｵﾈｽﾄ,1,新木場ﾘｻｲｸﾙ工場,110,ﾃｲｿｳ物流ｻｰﾋﾞｽ,88,ﾃｲｿｳ物流ｻｰﾋﾞｽ,1,紙,,2,渡辺
2024/07/18(木),2024/07/18(木),2024/07/18(木),687,日本瓦斯君津営業所,2,支払,68,GC 軽鉄･ｽﾁｰﾙ類,150,150,3,kg,20,3000,16476,2,B（残置）,3,有価物,14:23,14:42,0,日本瓦斯君津営業所,1,ｵﾈｽﾄ,1,新木場ﾘｻｲｸﾙ工場,110,ﾃｲｿｳ物流ｻｰﾋﾞｽ,88,ﾃｲｿｳ物流ｻｰﾋﾞｽ,1,紙,,2,渡辺
2024/07/18(木),2024/07/18(木),2024/07/18(木),687,日本瓦斯君津営業所,2,支払,68,GC 軽鉄･ｽﾁｰﾙ類,700,700,3,kg,20,14000,16477,2,B（残置）,3,有価物,14:08,14:20,0,日本瓦斯君津営業所,1,ｵﾈｽﾄ,1,新木場ﾘｻｲｸﾙ工場,110,ﾃｲｿｳ物流ｻｰﾋﾞｽ,88,ﾃｲｿｳ物流ｻｰﾋﾞｽ,1,紙,,2,渡辺
2024/07/18(木),2024/07/18(木),2024/07/18(木),740,ﾌﾛﾝﾃｨｱ,1,売上,1,混合廃棄物A,930,930,3,kg,60,55800,16450,1,A（事業）,1,処分費,12:50,12:50,1,ﾌﾛﾝﾃｨｱ入谷ﾘｻｲｸﾙ工場,1,ｵﾈｽﾄ,1,新木場ﾘｻｲｸﾙ工場,740,ﾌﾛﾝﾃｨｱ,570,ﾌﾛﾝﾃｨｱ（渡辺・足立区）,1,紙,,2,渡辺
2024/07/18(木),2024/07/18(木),2024/07/18(木),740,ﾌﾛﾝﾃｨｱ,1,売上,1,混合廃棄物A,1960,1960,3,kg,60,117600,16436,1,A（事業）,1,処分費,11:45,11:45,1,ﾌﾛﾝﾃｨｱ入谷ﾘｻｲｸﾙ工場,1,ｵﾈｽﾄ,1,新木場ﾘｻｲｸﾙ工場,740,ﾌﾛﾝﾃｨｱ,570,ﾌﾛﾝﾃｨｱ（渡辺・足立区）,1,紙,,2,渡辺
2024/07/18(木),2024/07/18(木),2024/07/18(木),746,小貫興業,1,売上,2,混合廃棄物B,230,230,3,kg,70,16100,16378,3,C（解体）,1,処分費,6:59,7:00,13,ﾗ･ﾕﾙﾀﾞ鶴巻ｶﾞｰﾃﾞﾝｺｰﾄﾞ解体工事,1,ｵﾈｽﾄ,1,新木場ﾘｻｲｸﾙ工場,746,小貫興業,576,小貫興業,1,紙,,4,山本
2024/07/18(木),2024/07/18(木),2024/07/18(木),751,まごのて,1,売上,1,混合廃棄物A,560,560,3,kg,65,36400,16505,2,B,1,処分費,17:47,17:55,0,まごのて,1,ｵﾈｽﾄ,1,新木場ﾘｻｲｸﾙ工場,751,まごのて,580,まごのて,2,電子,,6,川部
2024/07/18(木),2024/07/18(木),2024/07/18(木),885,ﾏｲﾝﾄﾞｶﾝﾊﾟﾆｰ合同会社,1,売上,1,混合廃棄物A,140,140,3,kg,65,9100,16443,2,B（残置）,1,処分費,12:08,12:08,1,ﾏｲﾝﾄﾞｶﾝﾊﾟﾆｰ合同会社,1,ｵﾈｽﾄ,1,新木場ﾘｻｲｸﾙ工場,885,ﾏｲﾝﾄﾞｶﾝﾊﾟﾆｰ合同会社,685,ﾏｲﾝﾄﾞｶﾝﾊﾟﾆｰ,1,紙,,5,今村（紀）
2024/07/18(木),2024/07/18(木),2024/07/18(木),1049,三豊工業,1,売上,21,軽量物系B(ｸﾞﾗｽｳｰﾙ),1300,1300,3,kg,80,104000,16393,3,C（解体）,1,処分費,8:53,8:58,1,現場(朝霞市),1,ｵﾈｽﾄ,1,新木場ﾘｻｲｸﾙ工場,1049,三豊工業,806,三豊工業,1,紙,,6,川部
2024/07/18(木),2024/07/18(木),2024/07/18(木),1116,第一広房TOKYO,1,売上,1,混合廃棄物A,1450,1450,3,kg,65,94250,16417,4,D（建設）,1,処分費,11:00,11:04,2,第一広房TOKYO　木工スタジオ,1,ｵﾈｽﾄ,1,新木場ﾘｻｲｸﾙ工場,1,ｵﾈｽﾄ,863,第一広房TOKYO,1,紙,,4,山本
2024/07/18(木),2024/07/18(木),2024/07/18(木),1116,第一広房TOKYO,1,売上,29,木くず,1210,1210,3,kg,35,42350,16410,4,D（建設）,1,処分費,10:29,10:29,2,第一広房TOKYO　木工スタジオ,1,ｵﾈｽﾄ,1,新木場ﾘｻｲｸﾙ工場,1,ｵﾈｽﾄ,863,第一広房TOKYO,1,紙,,4,山本
2024/07/18(木),2024/07/18(木),2024/07/18(木),1116,第一広房TOKYO,1,売上,349,運搬費(4ｔｺﾝﾃﾅ),,1,7,台,25000,25000,16410,4,D（建設）,2,運搬費,10:29,10:29,2,第一広房TOKYO　木工スタジオ,1,ｵﾈｽﾄ,1,新木場ﾘｻｲｸﾙ工場,1,ｵﾈｽﾄ,863,第一広房TOKYO,1,紙,,4,山本
2024/07/18(木),2024/07/18(木),2024/07/18(木),1116,第一広房TOKYO,1,売上,349,運搬費(4ｔｺﾝﾃﾅ),,1,7,台,25000,25000,16417,4,D（建設）,2,運搬費,11:00,11:04,2,第一広房TOKYO　木工スタジオ,1,ｵﾈｽﾄ,1,新木場ﾘｻｲｸﾙ工場,1,ｵﾈｽﾄ,863,第一広房TOKYO,1,紙,,4,山本
2024/07/18(木),2024/07/18(木),2024/07/18(木),1168,gf.K ,1,売上,1,混合廃棄物A,320,320,3,kg,65,20800,16388,1,A,1,処分費,8:10,8:12,0,gf.K ,1,ｵﾈｽﾄ,1,新木場ﾘｻｲｸﾙ工場,22,山口商店,19,山口商店,1,紙,,4,山本
2024/07/18(木),2024/07/18(木),2024/07/18(木),1203,ﾏﾙﾐﾔ社,1,売上,1,混合廃棄物A,170,170,3,kg,65,11050,16494,2,B（残置）,1,処分費,16:11,16:11,0,ﾏﾙﾐﾔ社,1,ｵﾈｽﾄ,1,新木場ﾘｻｲｸﾙ工場,1203,ﾏﾙﾐﾔ社,934,ﾏﾙﾐﾔ社,1,紙,,2,渡辺
2024/07/18(木),2024/07/18(木),2024/07/18(木),1226,ｱｰﾙﾂｰ,1,売上,1,混合廃棄物A,90,90,3,kg,65,5850,16501,2,B（残置）,1,処分費,17:10,17:15,0,ｱｰﾙﾂｰ,1,ｵﾈｽﾄ,1,新木場ﾘｻｲｸﾙ工場,1226,ｱｰﾙﾂｰ,950,ｱｰﾙﾂｰ,1,紙,,6,川部
2024/07/18(木),2024/07/18(木),2024/07/18(木),1230,ﾊﾘｰｽﾞﾀﾞｲﾅﾐｯｸｽ,1,売上,1,混合廃棄物A,540,540,3,kg,65,35100,16390,2,B（残置）,1,処分費,8:33,8:38,1,ﾊﾘｰｽﾞ畑倉庫,1,ｵﾈｽﾄ,1,新木場ﾘｻｲｸﾙ工場,1230,ﾊﾘｰｽﾞﾀﾞｲﾅﾐｯｸｽ,954,ﾊﾘｰｽﾞﾀﾞｲﾅﾐｯｸｽ,1,紙,,7,小林
2024/07/18(木),2024/07/18(木),2024/07/18(木),1230,ﾊﾘｰｽﾞﾀﾞｲﾅﾐｯｸｽ,1,売上,102,ﾏﾆﾌｪｽﾄ,,20,11,枚,50,1000,16390,2,B（残置）,1,処分費,8:33,8:38,1,ﾊﾘｰｽﾞ畑倉庫,1,ｵﾈｽﾄ,1,新木場ﾘｻｲｸﾙ工場,1230,ﾊﾘｰｽﾞﾀﾞｲﾅﾐｯｸｽ,954,ﾊﾘｰｽﾞﾀﾞｲﾅﾐｯｸｽ,1,紙,,7,小林
2024/07/18(木),2024/07/18(木),2024/07/18(木),1244,銀座急送,1,売上,1,混合廃棄物A,300,300,3,kg,65,19500,16398,2,B（残置）,1,処分費,9:53,9:53,1,銀座急送㈱辰巳DS,1,ｵﾈｽﾄ,1,新木場ﾘｻｲｸﾙ工場,1244,銀座急送,965,銀座急送,1,紙,,2,渡辺
2024/07/18(木),2024/07/18(木),2024/07/18(木),1244,銀座急送,1,売上,1,混合廃棄物A,750,750,3,kg,65,48750,16500,2,B（残置）,1,処分費,17:09,17:21,1,銀座急送㈱辰巳DS,1,ｵﾈｽﾄ,1,新木場ﾘｻｲｸﾙ工場,1244,銀座急送,965,銀座急送,1,紙,,2,渡辺
2024/07/18(木),2024/07/18(木),2024/07/18(木),1244,銀座急送,1,売上,4,混合廃棄物(焼却物),30,30,3,kg,75,2250,16398,2,B（残置）,1,処分費,9:53,9:53,1,銀座急送㈱辰巳DS,1,ｵﾈｽﾄ,1,新木場ﾘｻｲｸﾙ工場,1244,銀座急送,965,銀座急送,1,紙,,2,渡辺
2024/07/18(木),2024/07/18(木),2024/07/18(木),1244,銀座急送,1,売上,492,混合廃棄物（羽毛物）,10,10,3,kg,250,2500,16500,2,B（残置）,1,処分費,17:09,17:21,1,銀座急送㈱辰巳DS,1,ｵﾈｽﾄ,1,新木場ﾘｻｲｸﾙ工場,1244,銀座急送,965,銀座急送,1,紙,,2,渡辺
2024/07/18(木),2024/07/18(木),2024/07/18(木),1260,ｾｲｺｰ産業東京,1,売上,1,混合廃棄物A,30,30,3,kg,65,1950,16435,4,D（建設）,1,処分費,11:35,12:05,4,東京団地倉庫平和島事業所,1,ｵﾈｽﾄ,1,新木場ﾘｻｲｸﾙ工場,1,ｵﾈｽﾄ,980,ｾｲｺｰ産業東京,1,紙,,6,川部
2024/07/18(木),2024/07/18(木),2024/07/18(木),1260,ｾｲｺｰ産業東京,1,売上,108,室内機,100,100,3,kg,20,2000,16435,4,D（建設）,1,処分費,11:35,12:05,4,東京団地倉庫平和島事業所,1,ｵﾈｽﾄ,1,新木場ﾘｻｲｸﾙ工場,1,ｵﾈｽﾄ,980,ｾｲｺｰ産業東京,1,紙,,6,川部
2024/07/18(木),2024/07/18(木),2024/07/18(木),1260,ｾｲｺｰ産業東京,1,売上,109,運搬費,,1,7,台,30000,30000,16435,4,D（建設）,2,運搬費,11:35,12:05,4,東京団地倉庫平和島事業所,1,ｵﾈｽﾄ,1,新木場ﾘｻｲｸﾙ工場,1,ｵﾈｽﾄ,980,ｾｲｺｰ産業東京,1,紙,,6,川部
2024/07/18(木),2024/07/18(木),2024/07/18(木),1260,ｾｲｺｰ産業東京,2,支払,70,室外機,250,250,3,kg,38,9500,16435,4,D（建設）,3,有価物,11:35,12:05,4,東京団地倉庫平和島事業所,1,ｵﾈｽﾄ,1,新木場ﾘｻｲｸﾙ工場,1,ｵﾈｽﾄ,980,ｾｲｺｰ産業東京,1,紙,,6,川部
2024/07/18(木),2024/07/18(木),2024/07/18(木),1362,ｷｰｿﾝｽﾞ,1,売上,4,混合廃棄物(焼却物),250,250,3,kg,68,17000,16376,6,F（他）,1,処分費,6:25,6:25,0,ｷｰｿﾝｽﾞ,1,ｵﾈｽﾄ,1,新木場ﾘｻｲｸﾙ工場,1362,ｷｰｿﾝｽﾞ,1022,ｻﾝ･ﾃｸﾉ,1,紙,,12,サン・テクノ
2024/07/18(木),2024/07/18(木),2024/07/18(木),1362,ｷｰｿﾝｽﾞ,1,売上,29,木くず,130,130,3,kg,20,2600,16376,6,F（他）,1,処分費,6:25,6:25,0,ｷｰｿﾝｽﾞ,1,ｵﾈｽﾄ,1,新木場ﾘｻｲｸﾙ工場,1362,ｷｰｿﾝｽﾞ,1022,ｻﾝ･ﾃｸﾉ,1,紙,,12,サン・テクノ
2024/07/18(木),2024/07/18(木),2024/07/18(木),1438,(ｻﾝﾃｸﾉ)三興運輸(葛飾区),1,売上,1,混合廃棄物A,830,830,3,kg,58,48140,16470,6,F（他）,1,処分費,13:55,14:27,0,(ｻﾝﾃｸﾉ)三興運輸(葛飾区),1,ｵﾈｽﾄ,1,新木場ﾘｻｲｸﾙ工場,1438,(ｻﾝﾃｸﾉ)三興運輸(葛飾区),1022,ｻﾝ･ﾃｸﾉ,1,紙,,12,サン・テクノ
2024/07/18(木),2024/07/18(木),2024/07/18(木),1438,(ｻﾝﾃｸﾉ)三興運輸(葛飾区),1,売上,30,選別,290,290,3,kg,50,14500,16470,6,F（他）,1,処分費,13:55,14:27,0,(ｻﾝﾃｸﾉ)三興運輸(葛飾区),1,ｵﾈｽﾄ,1,新木場ﾘｻｲｸﾙ工場,1438,(ｻﾝﾃｸﾉ)三興運輸(葛飾区),1022,ｻﾝ･ﾃｸﾉ,1,紙,,12,サン・テクノ
2024/07/18(木),2024/07/18(木),2024/07/18(木),1480,新生紙ﾊﾟﾙﾌﾟ商事,1,売上,1,混合廃棄物A,110,110,3,kg,65,7150,16380,1,A（事業）,1,処分費,7:10,7:12,1,OPﾋﾞﾙﾃﾞｨﾝｸﾞ,1,ｵﾈｽﾄ,1,新木場ﾘｻｲｸﾙ工場,1463,ﾅｺｼﾞ,170,ﾅｺｼﾞ,1,紙,,6,川部
2024/07/18(木),2024/07/18(木),2024/07/18(木),1659,東京東武工業,1,売上,1,混合廃棄物A,210,210,3,kg,60,12600,16407,2,B（残置）,1,処分費,10:24,10:24,0,東京東武工業,1,ｵﾈｽﾄ,1,新木場ﾘｻｲｸﾙ工場,1656,真和商事,55,真和商事,1,紙,,2,渡辺
2024/07/18(木),2024/07/18(木),2024/07/18(木),1668,国際環境ｻｰﾋﾞｽ,1,売上,1,混合廃棄物A,1490,1490,3,kg,60,89400,16488,2,B（残置）,1,処分費,15:13,15:18,1,国際環境ｻｰﾋﾞｽ(上鷺宮）,1,ｵﾈｽﾄ,1,新木場ﾘｻｲｸﾙ工場,1656,真和商事,55,真和商事,1,紙,,2,渡辺
2024/07/18(木),2024/07/18(木),2024/07/18(木),1739,三機工業（八丁堀）,1,売上,1,混合廃棄物A,100,100,3,kg,58,5800,16493,4,D（建設）,1,処分費,16:02,16:02,37,【NWS】LINEｺﾓﾚ四谷,1,ｵﾈｽﾄ,1,新木場ﾘｻｲｸﾙ工場,16,泉土木,14,泉土木,1,紙,,1,矢作
2024/07/18(木),2024/07/18(木),2024/07/18(木),1853,ｸﾞﾛﾘｱｽ･ｼﾞｬﾊﾟﾝ,1,売上,30,選別,240,240,3,kg,70,16800,16416,2,B（残置）,1,処分費,10:48,11:01,1,ｸﾞﾛﾘｱｽ･ｼﾞｬﾊﾟﾝ,1,ｵﾈｽﾄ,1,新木場ﾘｻｲｸﾙ工場,1853,ｸﾞﾛﾘｱｽ･ｼﾞｬﾊﾟﾝ,148,ｸﾞﾛﾘｱｽ･ｼﾞｬﾊﾟﾝ,1,紙,,6,川部
2024/07/18(木),2024/07/18(木),2024/07/18(木),1853,ｸﾞﾛﾘｱｽ･ｼﾞｬﾊﾟﾝ,2,支払,68,GC 軽鉄･ｽﾁｰﾙ類,350,350,3,kg,20,7000,16416,2,B（残置）,3,有価物,10:48,11:01,1,ｸﾞﾛﾘｱｽ･ｼﾞｬﾊﾟﾝ,1,ｵﾈｽﾄ,1,新木場ﾘｻｲｸﾙ工場,1853,ｸﾞﾛﾘｱｽ･ｼﾞｬﾊﾟﾝ,148,ｸﾞﾛﾘｱｽ･ｼﾞｬﾊﾟﾝ,1,紙,,6,川部
2024/07/18(木),2024/07/18(木),2024/07/18(木),1955,ﾄﾓ･ｺｰﾎﾟﾚｰｼｮﾝ,1,売上,1,混合廃棄物A,700,700,3,kg,53,37100,16384,1,A（事業）,1,処分費,7:44,7:46,1,ﾄﾓﾋﾞﾙ,1,ｵﾈｽﾄ,1,新木場ﾘｻｲｸﾙ工場,302,ﾖｼﾓﾘ,244,ﾖｼﾓﾘ,1,紙,,2,渡辺
2024/07/18(木),2024/07/18(木),2024/07/18(木),1966,ｴﾇ･ﾃｨ･ﾃｨ都市開発,1,売上,1,混合廃棄物A,450,450,3,kg,54,24300,16471,1,A（事業）,1,処分費,14:09,14:10,12,WITH　HARAJUKU,1,ｵﾈｽﾄ,1,新木場ﾘｻｲｸﾙ工場,28,五十嵐商会,25,五十嵐商会,1,紙,,2,渡辺
2024/07/18(木),2024/07/18(木),2024/07/18(木),1966,ｴﾇ･ﾃｨ･ﾃｨ都市開発,1,売上,1,混合廃棄物A,970,970,3,kg,54,52380,16473,1,A（事業）,1,処分費,14:21,14:21,5,ｼｰﾊﾞﾝｽN館,1,ｵﾈｽﾄ,1,新木場ﾘｻｲｸﾙ工場,28,五十嵐商会,25,五十嵐商会,1,紙,,2,渡辺
2024/07/18(木),2024/07/18(木),2024/07/18(木),1966,ｴﾇ･ﾃｨ･ﾃｨ都市開発,1,売上,30,選別,190,190,3,kg,65,12350,16471,1,A（事業）,1,処分費,14:09,14:10,12,WITH　HARAJUKU,1,ｵﾈｽﾄ,1,新木場ﾘｻｲｸﾙ工場,28,五十嵐商会,25,五十嵐商会,1,紙,,2,渡辺
2024/07/18(木),2024/07/18(木),2024/07/18(木),1971,NTTｱｰﾊﾞﾝﾊﾞﾘｭｰｻﾎﾟｰﾄ,1,売上,1,混合廃棄物A,550,550,3,kg,54,29700,16406,1,A（事業）,1,処分費,10:11,10:11,6,ﾄﾗｯﾄﾞ目白,1,ｵﾈｽﾄ,1,新木場ﾘｻｲｸﾙ工場,28,五十嵐商会,25,五十嵐商会,1,紙,,2,渡辺
2024/07/18(木),2024/07/18(木),2024/07/18(木),2056,東広,1,売上,1,混合廃棄物A,830,830,3,kg,65,53950,16387,2,B（残置）,1,処分費,8:00,8:02,0,東広,1,ｵﾈｽﾄ,1,新木場ﾘｻｲｸﾙ工場,1976,ｼﾐｽﾞｵｸﾄ,202,ｼﾐｽﾞｵｸﾄ,1,紙,,5,今村（紀）
2024/07/18(木),2024/07/18(木),2024/07/18(木),2056,東広,1,売上,4,混合廃棄物(焼却物),1040,1040,3,kg,75,78000,16387,2,B（残置）,1,処分費,8:00,8:02,0,東広,1,ｵﾈｽﾄ,1,新木場ﾘｻｲｸﾙ工場,1976,ｼﾐｽﾞｵｸﾄ,202,ｼﾐｽﾞｵｸﾄ,1,紙,,5,今村（紀）
2024/07/18(木),2024/07/18(木),2024/07/18(木),2056,東広,1,売上,15,混合廃棄物(反物),210,210,3,kg,100,21000,16387,2,B（残置）,1,処分費,8:00,8:02,0,東広,1,ｵﾈｽﾄ,1,新木場ﾘｻｲｸﾙ工場,1976,ｼﾐｽﾞｵｸﾄ,202,ｼﾐｽﾞｵｸﾄ,1,紙,,5,今村（紀）
2024/07/18(木),2024/07/18(木),2024/07/18(木),2175,ｱｸｼｽｴﾝｼﾞﾆｱﾘﾝｸﾞ,1,売上,1,混合廃棄物A,150,150,3,kg,65,9750,16397,4,D（建設）,1,処分費,9:28,9:30,0,ｱｸｼｽｴﾝｼﾞﾆｱﾘﾝｸﾞ,1,ｵﾈｽﾄ,1,新木場ﾘｻｲｸﾙ工場,351,那須野興業,280,那須野興業,1,紙,,4,山本
2024/07/18(木),2024/07/18(木),2024/07/18(木),2235,TTS(ﾃｨｰﾃｨｰｴｽ),1,売上,1,混合廃棄物A,660,660,3,kg,60,39600,16486,2,B（残置）,1,処分費,14:59,14:59,0,TTS(ﾃｨｰﾃｨｰｴｽ),1,ｵﾈｽﾄ,1,新木場ﾘｻｲｸﾙ工場,1772,三洋ｴｸｽﾌﾟﾚｽ,228,三洋ｴｸｽﾌﾟﾚｽ,1,紙,,2,渡辺
2024/07/18(木),2024/07/18(木),2024/07/18(木),2380,築地場外市場商店街(振),1,売上,2,混合廃棄物B,240,240,3,kg,65,15600,16385,2,B（残置）,1,処分費,7:52,7:52,0,築地場外市場商店街(振),1,ｵﾈｽﾄ,1,新木場ﾘｻｲｸﾙ工場,1415,山口興業,1238,山口興業（BOND）,1,紙,,5,今村（紀）
2024/07/18(木),2024/07/18(木),2024/07/18(木),2398,東京ﾄﾞｰﾑ,1,売上,1,混合廃棄物A,1120,1120,3,kg,60,67200,16389,1,A（事業）,1,処分費,8:16,8:19,1,東京ﾄﾞｰﾑﾗｸｰｱﾋﾞﾙ,1,ｵﾈｽﾄ,1,新木場ﾘｻｲｸﾙ工場,1246,三美社,967,三美社,1,紙,,2,渡辺
2024/07/18(木),2024/07/18(木),2024/07/18(木),2429,富士ﾋﾞｼﾞﾈｽ,1,売上,1,混合廃棄物A,840,840,3,kg,65,54600,16464,2,B（残置）,1,処分費,13:41,13:45,5,日本物産,1,ｵﾈｽﾄ,1,新木場ﾘｻｲｸﾙ工場,330,ﾘｸﾘｰﾝｻｰﾋﾞｽ,267,ﾘｸﾘｰﾝｻｰﾋﾞｽ,1,紙,,4,山本
2024/07/18(木),2024/07/18(木),2024/07/18(木),2706,東京ｼﾝｺｰﾚｻﾞｰ,1,売上,2,混合廃棄物B,710,710,3,kg,70,49700,16447,4,D（建設）,1,処分費,15:16,12:36,1,両新田商品ｾﾝﾀｰ,1,ｵﾈｽﾄ,1,新木場ﾘｻｲｸﾙ工場,304,ﾊﾏﾀﾞｴﾝﾀｰﾌﾟﾗｲｽﾞ,245,ﾊﾏﾀﾞｴﾝﾀｰﾌﾟﾗｲｽﾞ,1,紙,,2,渡辺
2024/07/18(木),2024/07/18(木),2024/07/18(木),2706,東京ｼﾝｺｰﾚｻﾞｰ,1,売上,18,軽量物系A(ｽﾎﾟﾝｼﾞ),300,300,3,kg,150,45000,16447,4,D（建設）,1,処分費,15:16,12:36,1,両新田商品ｾﾝﾀｰ,1,ｵﾈｽﾄ,1,新木場ﾘｻｲｸﾙ工場,304,ﾊﾏﾀﾞｴﾝﾀｰﾌﾟﾗｲｽﾞ,245,ﾊﾏﾀﾞｴﾝﾀｰﾌﾟﾗｲｽﾞ,1,紙,,2,渡辺
2024/07/18(木),2024/07/18(木),2024/07/18(木),2766,ﾕｰﾌﾟﾗﾝﾄ,1,売上,1,混合廃棄物A,280,280,3,kg,58,16240,16454,4,D,1,処分費,13:09,13:09,0,ﾕｰﾌﾟﾗﾝﾄ,1,ｵﾈｽﾄ,1,新木場ﾘｻｲｸﾙ工場,2766,ﾕｰﾌﾟﾗﾝﾄ,14,泉土木,1,紙,,1,矢作
2024/07/18(木),2024/07/18(木),2024/07/18(木),2782,三和電気,1,売上,1,混合廃棄物A,500,500,3,kg,65,32500,16446,4,D（建設）,1,処分費,12:21,12:29,0,三和電気,1,ｵﾈｽﾄ,1,新木場ﾘｻｲｸﾙ工場,361,全公研,289,全公研,1,紙,,4,山本
2024/07/18(木),2024/07/18(木),2024/07/18(木),2782,三和電気,1,売上,30,選別,210,210,3,kg,60,12600,16446,4,D（建設）,1,処分費,12:21,12:29,0,三和電気,1,ｵﾈｽﾄ,1,新木場ﾘｻｲｸﾙ工場,361,全公研,289,全公研,1,紙,,4,山本
2024/07/18(木),2024/07/18(木),2024/07/18(木),2845,TOKYO MOVE.com,1,売上,1,混合廃棄物A,60,60,3,kg,65,3900,16499,2,B（残置）,1,処分費,17:02,17:06,1,TOKYO MOVE.com,1,ｵﾈｽﾄ,1,新木場ﾘｻｲｸﾙ工場,2845,TOKYO MOVE.com,862,TOKYO MOVE.com,1,紙,,4,山本
2024/07/18(木),2024/07/18(木),2024/07/18(木),2845,TOKYO MOVE.com,1,売上,29,木くず,50,50,3,kg,35,1750,16499,2,B（残置）,1,処分費,17:02,17:06,1,TOKYO MOVE.com,1,ｵﾈｽﾄ,1,新木場ﾘｻｲｸﾙ工場,2845,TOKYO MOVE.com,862,TOKYO MOVE.com,1,紙,,4,山本
2024/07/18(木),2024/07/18(木),2024/07/18(木),3146,ﾏｰｽｼﾞｬﾊﾟﾝﾘﾐﾃｯﾄﾞ,1,売上,1,混合廃棄物A,680,680,3,kg,54,36720,16458,1,A（事業）,1,処分費,13:14,13:14,1,品川ｼｰｽﾞﾝﾃﾗｽ,1,ｵﾈｽﾄ,1,新木場ﾘｻｲｸﾙ工場,28,五十嵐商会,25,五十嵐商会,1,紙,,2,渡辺
2024/07/18(木),2024/07/18(木),2024/07/18(木),3147,中央建物,1,売上,1,混合廃棄物A,130,130,3,kg,54,7020,16392,1,A（事業）,1,処分費,8:56,9:02,1,大倉本館,1,ｵﾈｽﾄ,1,新木場ﾘｻｲｸﾙ工場,28,五十嵐商会,25,五十嵐商会,1,紙,,2,渡辺
2024/07/18(木),2024/07/18(木),2024/07/18(木),3180,ｵﾌｨｽ増永,1,売上,2,混合廃棄物B,400,400,3,kg,70,28000,16445,4,D（建設）,1,処分費,12:21,12:23,19,周東様邸,1,ｵﾈｽﾄ,1,新木場ﾘｻｲｸﾙ工場,210,ES産業,175,ES産業,1,紙,,2,渡辺
2024/07/18(木),2024/07/18(木),2024/07/18(木),3180,ｵﾌｨｽ増永,1,売上,21,軽量物系B(ｸﾞﾗｽｳｰﾙ),170,170,3,kg,80,13600,16445,4,D（建設）,1,処分費,12:21,12:23,19,周東様邸,1,ｵﾈｽﾄ,1,新木場ﾘｻｲｸﾙ工場,210,ES産業,175,ES産業,1,紙,,2,渡辺
2024/07/18(木),2024/07/18(木),2024/07/18(木),3197,美貴本,1,売上,1,混合廃棄物A,660,660,3,kg,53,34980,16408,1,A（事業）,1,処分費,10:25,10:25,1,美貴本,1,ｵﾈｽﾄ,1,新木場ﾘｻｲｸﾙ工場,302,ﾖｼﾓﾘ,244,ﾖｼﾓﾘ,1,紙,,2,渡辺
2024/07/18(木),2024/07/18(木),2024/07/18(木),3358,ﾋﾟｰｱｲ通信,1,売上,1,混合廃棄物A,320,320,3,kg,65,20800,16383,1,A（事業）,1,処分費,7:31,7:33,2,ﾄﾞｺﾓｼｮｯﾌﾟ立石店,1,ｵﾈｽﾄ,1,新木場ﾘｻｲｸﾙ工場,393,栄運輸,314,栄運輸,1,紙,,2,渡辺
2024/07/18(木),2024/07/18(木),2024/07/18(木),3497,ﾆｭｰﾊｳｼﾞﾝｸﾞ,1,売上,9,混合廃棄物(安定型),440,440,3,kg,55,24200,16468,4,D（建設）,1,処分費,13:54,13:56,2,ﾆﾁﾚｲ明石町ﾋﾞﾙ,1,ｵﾈｽﾄ,1,新木場ﾘｻｲｸﾙ工場,16,泉土木,14,泉土木,1,紙,,1,矢作
2024/07/18(木),2024/07/18(木),2024/07/18(木),3756,ｴﾝﾌﾟﾗｽﾎｰﾑ,1,売上,2,混合廃棄物B,400,400,3,kg,70,28000,16463,3,C（解体）,1,処分費,13:42,13:42,4,正栄ﾋﾞﾙ3階,1,ｵﾈｽﾄ,1,新木場ﾘｻｲｸﾙ工場,362,ﾐﾔ産興,290,ﾐﾔ産興,1,紙,,4,山本
2024/07/18(木),2024/07/18(木),2024/07/18(木),3872,ｾｷｽｲﾊｲﾑ不動産,1,売上,1,混合廃棄物A,80,80,3,kg,65,5200,16483,4,D（建設）,1,処分費,14:47,14:49,72,シティハイム　アクリーク,1,ｵﾈｽﾄ,1,新木場ﾘｻｲｸﾙ工場,1,ｵﾈｽﾄ,654,ｾｷｽｲﾊｲﾑ 不動産,1,紙,,5,今村（紀）
2024/07/18(木),2024/07/18(木),2024/07/18(木),3872,ｾｷｽｲﾊｲﾑ不動産,1,売上,352,運搬費(2ｔ車),,1,7,台,32000,32000,16483,4,D（建設）,2,運搬費,14:47,14:49,72,シティハイム　アクリーク,1,ｵﾈｽﾄ,1,新木場ﾘｻｲｸﾙ工場,1,ｵﾈｽﾄ,654,ｾｷｽｲﾊｲﾑ 不動産,1,紙,,5,今村（紀）
2024/07/18(木),2024/07/18(木),2024/07/18(木),4039,(ｵﾈﾜﾝ)ﾄｯﾌﾟﾘﾕｰｽ,1,売上,1,混合廃棄物A,420,420,3,kg,63,26460,16479,2,B（残置）,1,処分費,14:37,14:37,0,(ｵﾈﾜﾝ)ﾄｯﾌﾟﾘﾕｰｽ,1,ｵﾈｽﾄ,1,新木場ﾘｻｲｸﾙ工場,4039,(ｵﾈﾜﾝ)ﾄｯﾌﾟﾘﾕｰｽ,1021,ｵﾈｽﾄ･ﾜﾝ,1,紙,,11,オネスト・ワン
2024/07/18(木),2024/07/18(木),2024/07/18(木),4074,東武ﾃﾞﾘﾊﾞﾘｰ,2,支払,68,GC 軽鉄･ｽﾁｰﾙ類,30,30,3,kg,35,1050,16437,4,D,3,有価物,11:46,12:18,0,東武ﾃﾞﾘﾊﾞﾘｰ,1,ｵﾈｽﾄ,1,新木場ﾘｻｲｸﾙ工場,33,富士商事,29,富士商事,1,紙,,4,山本
2024/07/18(木),2024/07/18(木),2024/07/18(木),4074,東武ﾃﾞﾘﾊﾞﾘｰ,2,支払,69,GD,2420,2420,3,kg,1,2420,16437,4,D,3,有価物,11:46,12:18,0,東武ﾃﾞﾘﾊﾞﾘｰ,1,ｵﾈｽﾄ,1,新木場ﾘｻｲｸﾙ工場,33,富士商事,29,富士商事,1,紙,,4,山本
2024/07/18(木),2024/07/18(木),2024/07/18(木),4092,ｱﾄﾞﾝｴｽﾃｰﾄ,1,売上,1,混合廃棄物A,450,450,3,kg,65,29250,16489,1,A（事業）,1,処分費,15:15,15:15,1,ｱﾄﾞﾝ菊川ﾋﾞﾙ,1,ｵﾈｽﾄ,1,新木場ﾘｻｲｸﾙ工場,1546,江栄,13,江栄,1,紙,,2,渡辺
2024/07/18(木),2024/07/18(木),2024/07/18(木),4108,ﾊﾟﾅｿﾆｯｸ産機ｼｽﾃﾑｽﾞ,1,売上,1,混合廃棄物A,50,50,3,kg,50,2500,16474,4,D（建設）,1,処分費,14:21,14:25,50,ライフ吉祥寺南店,1,ｵﾈｽﾄ,1,新木場ﾘｻｲｸﾙ工場,8280,エコフォレスト,873,伊藤忠ﾒﾀﾙｽﾞ,2,電子,,1,矢作
2024/07/18(木),2024/07/18(木),2024/07/18(木),4108,ﾊﾟﾅｿﾆｯｸ産機ｼｽﾃﾑｽﾞ,1,売上,1,混合廃棄物A,170,170,3,kg,50,8500,16421,4,D（建設）,1,処分費,11:05,11:05,1,協和興運,1,ｵﾈｽﾄ,1,新木場ﾘｻｲｸﾙ工場,33,富士商事,873,伊藤忠ﾒﾀﾙｽﾞ,2,電子,,1,矢作
2024/07/18(木),2024/07/18(木),2024/07/18(木),4766,JR東日本環境ｱｸｾｽ,1,売上,1,混合廃棄物A,1250,1250,3,kg,55,68750,16379,1,A（事業）,1,処分費,7:03,7:06,1,東京資源循環ｾﾝﾀｰ,1,ｵﾈｽﾄ,1,新木場ﾘｻｲｸﾙ工場,4766,JR東日本環境ｱｸｾｽ,426,JR東日本環境ｱｸｾｽ,2,電子,,2,渡辺
2024/07/18(木),2024/07/18(木),2024/07/18(木),4833,ﾘｰﾄﾞ,1,売上,1,混合廃棄物A,110,110,3,kg,70,7700,16399,4,D,1,処分費,10:04,10:16,0,ﾘｰﾄﾞ,1,ｵﾈｽﾄ,1,新木場ﾘｻｲｸﾙ工場,4833,ﾘｰﾄﾞ,1043,ﾘｰﾄﾞ,1,紙,,12,サン・テクノ
2024/07/18(木),2024/07/18(木),2024/07/18(木),4833,ﾘｰﾄﾞ,1,売上,4,混合廃棄物(焼却物),260,260,3,kg,80,20800,16399,4,D,1,処分費,10:04,10:16,0,ﾘｰﾄﾞ,1,ｵﾈｽﾄ,1,新木場ﾘｻｲｸﾙ工場,4833,ﾘｰﾄﾞ,1043,ﾘｰﾄﾞ,1,紙,,12,サン・テクノ
2024/07/18(木),2024/07/18(木),2024/07/18(木),4833,ﾘｰﾄﾞ,1,売上,492,混合廃棄物（羽毛物）,20,20,3,kg,250,5000,16399,4,D,1,処分費,10:04,10:16,0,ﾘｰﾄﾞ,1,ｵﾈｽﾄ,1,新木場ﾘｻｲｸﾙ工場,4833,ﾘｰﾄﾞ,1043,ﾘｰﾄﾞ,1,紙,,12,サン・テクノ
2024/07/18(木),2024/07/18(木),2024/07/18(木),5038,協進工業,1,売上,2,混合廃棄物B,780,780,3,kg,65,50700,16402,4,D（建設）,1,処分費,13:59,14:00,1,協進工業　内作場,1,ｵﾈｽﾄ,1,新木場ﾘｻｲｸﾙ工場,4864,市川産業,430,市川産業,1,紙,,2,渡辺
2024/07/18(木),2024/07/18(木),2024/07/18(木),5038,協進工業,1,売上,21,軽量物系B(ｸﾞﾗｽｳｰﾙ),20,20,3,kg,60,1200,16402,4,D（建設）,1,処分費,13:59,14:00,1,協進工業　内作場,1,ｵﾈｽﾄ,1,新木場ﾘｻｲｸﾙ工場,4864,市川産業,430,市川産業,1,紙,,2,渡辺
2024/07/18(木),2024/07/18(木),2024/07/18(木),5231,ｲﾝｸﾞ,1,売上,2,混合廃棄物B,620,620,3,kg,65,40300,16495,3,C（解体）,1,処分費,16:09,16:08,15,杉山建設工業㈱倉庫、居宅木造2階建解体工,1,ｵﾈｽﾄ,1,新木場ﾘｻｲｸﾙ工場,5231,ｲﾝｸﾞ,676,ｲﾝｸﾞ,2,電子,,2,渡辺
2024/07/18(木),2024/07/18(木),2024/07/18(木),5231,ｲﾝｸﾞ,1,売上,2,混合廃棄物B,710,710,3,kg,65,46150,16382,3,C（解体）,1,処分費,7:22,7:26,15,杉山建設工業㈱倉庫、居宅木造2階建解体工,1,ｵﾈｽﾄ,1,新木場ﾘｻｲｸﾙ工場,5231,ｲﾝｸﾞ,676,ｲﾝｸﾞ,1,紙,,2,渡辺
2024/07/18(木),2024/07/18(木),2024/07/18(木),5427,KCT,1,売上,1,混合廃棄物A,170,170,3,kg,65,11050,16377,4,D（建設）,1,処分費,6:25,6:25,0,KCT,1,ｵﾈｽﾄ,1,新木場ﾘｻｲｸﾙ工場,5427,KCT,454,KCT,1,紙,,2,渡辺
2024/07/18(木),2024/07/18(木),2024/07/18(木),5427,KCT,1,売上,29,木くず,260,260,3,kg,35,9100,16377,4,D（建設）,1,処分費,6:25,6:25,0,KCT,1,ｵﾈｽﾄ,1,新木場ﾘｻｲｸﾙ工場,5427,KCT,454,KCT,1,紙,,2,渡辺
2024/07/18(木),2024/07/18(木),2024/07/18(木),5585,東京ｾﾝﾄﾗﾙｴｱｺﾝ,1,売上,1,混合廃棄物A,520,520,3,kg,63,32760,16496,2,B（残置）,1,処分費,16:11,16:16,2,東京ｾﾝﾄﾗﾙｴｱｺﾝ倉庫,1,ｵﾈｽﾄ,1,新木場ﾘｻｲｸﾙ工場,1308,ｵﾈｽﾄ･ﾜﾝ,1021,ｵﾈｽﾄ･ﾜﾝ,1,紙,,11,オネスト・ワン
2024/07/18(木),2024/07/18(木),2024/07/18(木),5585,東京ｾﾝﾄﾗﾙｴｱｺﾝ,1,売上,25,石膏ﾎﾞｰﾄﾞB,20,20,3,kg,50,1000,16496,2,B（残置）,1,処分費,16:11,16:16,2,東京ｾﾝﾄﾗﾙｴｱｺﾝ倉庫,1,ｵﾈｽﾄ,1,新木場ﾘｻｲｸﾙ工場,1308,ｵﾈｽﾄ･ﾜﾝ,1021,ｵﾈｽﾄ･ﾜﾝ,1,紙,,11,オネスト・ワン
2024/07/18(木),2024/07/18(木),2024/07/18(木),5585,東京ｾﾝﾄﾗﾙｴｱｺﾝ,1,売上,29,木くず,10,10,3,kg,25,250,16496,2,B（残置）,1,処分費,16:11,16:16,2,東京ｾﾝﾄﾗﾙｴｱｺﾝ倉庫,1,ｵﾈｽﾄ,1,新木場ﾘｻｲｸﾙ工場,1308,ｵﾈｽﾄ･ﾜﾝ,1021,ｵﾈｽﾄ･ﾜﾝ,1,紙,,11,オネスト・ワン
2024/07/18(木),2024/07/18(木),2024/07/18(木),5616,ﾏﾁﾀﾞ工業,1,売上,2,混合廃棄物B,200,200,3,kg,70,14000,16475,3,C（解体）,1,処分費,14:23,14:26,5,萩中1丁目木造2階建て解体工事,1,ｵﾈｽﾄ,1,新木場ﾘｻｲｸﾙ工場,5616,ﾏﾁﾀﾞ工業,1105,ﾏﾁﾀﾞ工業,1,紙,,5,今村（紀）
2024/07/18(木),2024/07/18(木),2024/07/18(木),5704,縄野産業,1,売上,2,混合廃棄物B,1280,1280,3,kg,70,89600,16465,3,C（解体）,1,処分費,13:50,13:50,1,解体工事（さいたま市岩槻区）,1,ｵﾈｽﾄ,1,新木場ﾘｻｲｸﾙ工場,5704,縄野産業,736,縄野産業,1,紙,,5,今村（紀）
2024/07/18(木),2024/07/18(木),2024/07/18(木),6043,ｴｲﾌﾞﾙﾘﾋﾞﾝｸﾞ,1,売上,2,混合廃棄物B,620,620,3,kg,70,43400,16451,4,D（建設）,1,処分費,12:55,12:55,20,砧ｺﾝﾃﾅ,1,ｵﾈｽﾄ,1,新木場ﾘｻｲｸﾙ工場,239,石橋商店,197,石橋商店,1,紙,,4,山本
2024/07/18(木),2024/07/18(木),2024/07/18(木),6058,幸和設備,1,売上,1,混合廃棄物A,1430,1430,3,kg,58,82940,16481,2,B（残置）,1,処分費,14:30,14:39,1,置場,1,ｵﾈｽﾄ,1,新木場ﾘｻｲｸﾙ工場,4463,あるくる,823,あるくる,1,紙,,1,矢作
2024/07/18(木),2024/07/18(木),2024/07/18(木),6086,ﾏｽﾀﾞｲﾝﾃﾘｱ,1,売上,2,混合廃棄物B,210,210,3,kg,70,14700,16415,4,D（建設）,1,処分費,10:52,10:52,4,本堂綱ﾋﾞﾙ,1,ｵﾈｽﾄ,1,新木場ﾘｻｲｸﾙ工場,1250,ｱﾝﾃﾞｽ,971,ｱﾝﾃﾞｽ,1,紙,,2,渡辺
2024/07/18(木),2024/07/18(木),2024/07/18(木),6345,ｸﾛｽｶﾝﾊﾟﾆｰ,1,売上,1,混合廃棄物A,190,190,3,kg,65,12350,16419,2,B（残置）,1,処分費,11:01,11:05,0,ｸﾛｽｶﾝﾊﾟﾆｰ,1,ｵﾈｽﾄ,1,新木場ﾘｻｲｸﾙ工場,6171,Pasito,485,Pasito,1,紙,,7,小林
2024/07/18(木),2024/07/18(木),2024/07/18(木),6345,ｸﾛｽｶﾝﾊﾟﾆｰ,1,売上,37,ﾏｯﾄﾚｽ(ﾀﾞﾌﾞﾙ),20,1,11,枚,8000,8000,16419,2,B（残置）,1,処分費,11:01,11:05,0,ｸﾛｽｶﾝﾊﾟﾆｰ,1,ｵﾈｽﾄ,1,新木場ﾘｻｲｸﾙ工場,6171,Pasito,485,Pasito,1,紙,,7,小林
2024/07/18(木),2024/07/18(木),2024/07/18(木),6448,ﾜｷﾀｹｱﾈｯﾄ,1,売上,1,混合廃棄物A,110,110,3,kg,65,7150,16418,2,B（残置）,1,処分費,10:59,11:20,1,ﾆﾁｲｹｱﾈｯﾄ　関東物流ｾﾝﾀｰ,1,ｵﾈｽﾄ,1,新木場ﾘｻｲｸﾙ工場,194,中央梱包運輸,160,中央梱包運輸,1,紙,,5,今村（紀）
2024/07/18(木),2024/07/18(木),2024/07/18(木),6448,ﾜｷﾀｹｱﾈｯﾄ,1,売上,18,軽量物系A(ｽﾎﾟﾝｼﾞ),1030,1030,3,kg,200,206000,16418,2,B（残置）,1,処分費,10:59,11:20,1,ﾆﾁｲｹｱﾈｯﾄ　関東物流ｾﾝﾀｰ,1,ｵﾈｽﾄ,1,新木場ﾘｻｲｸﾙ工場,194,中央梱包運輸,160,中央梱包運輸,1,紙,,5,今村（紀）
2024/07/18(木),2024/07/18(木),2024/07/18(木),6448,ﾜｷﾀｹｱﾈｯﾄ,1,売上,30,選別,400,400,3,kg,70,28000,16459,2,B,1,処分費,13:33,13:34,1,ﾆﾁｲｹｱﾈｯﾄ　関東物流ｾﾝﾀｰ,1,ｵﾈｽﾄ,1,新木場ﾘｻｲｸﾙ工場,194,中央梱包運輸,160,中央梱包運輸,1,紙,,5,今村（紀）
2024/07/18(木),2024/07/18(木),2024/07/18(木),6448,ﾜｷﾀｹｱﾈｯﾄ,2,支払,68,GC 軽鉄･ｽﾁｰﾙ類,750,750,3,kg,20,15000,16459,2,B,3,有価物,13:33,13:34,1,ﾆﾁｲｹｱﾈｯﾄ　関東物流ｾﾝﾀｰ,1,ｵﾈｽﾄ,1,新木場ﾘｻｲｸﾙ工場,194,中央梱包運輸,160,中央梱包運輸,1,紙,,5,今村（紀）
2024/07/18(木),2024/07/18(木),2024/07/18(木),6448,ﾜｷﾀｹｱﾈｯﾄ,2,支払,68,GC 軽鉄･ｽﾁｰﾙ類,1710,1710,3,kg,20,34200,16478,2,B（残置）,3,有価物,14:23,14:46,1,ﾆﾁｲｹｱﾈｯﾄ　関東物流ｾﾝﾀｰ,1,ｵﾈｽﾄ,1,新木場ﾘｻｲｸﾙ工場,194,中央梱包運輸,160,中央梱包運輸,1,紙,,5,今村（紀）
2024/07/18(木),2024/07/18(木),2024/07/18(木),6466,青木ｻｰﾋﾞｽ（入沢勝）,1,売上,1,混合廃棄物A,70,70,3,kg,65,4550,16461,2,B（残置）,1,処分費,13:25,13:33,23,解体撤去（足立区江北）,1,ｵﾈｽﾄ,1,新木場ﾘｻｲｸﾙ工場,6466,青木ｻｰﾋﾞｽ（入沢勝）,509,青木ｻｰﾋﾞｽ(入沢勝),1,紙,,2,渡辺
2024/07/18(木),2024/07/18(木),2024/07/18(木),6820,eｿﾘｭｰｼｮﾝｻｰﾋﾞｽ,1,売上,1,混合廃棄物A,250,250,3,kg,65,16250,16487,4,D（建設）,1,処分費,15:01,15:06,0,eｿﾘｭｰｼｮﾝｻｰﾋﾞｽ,1,ｵﾈｽﾄ,1,新木場ﾘｻｲｸﾙ工場,361,全公研,289,全公研,1,紙,,4,山本
2024/07/18(木),2024/07/18(木),2024/07/18(木),6820,eｿﾘｭｰｼｮﾝｻｰﾋﾞｽ,1,売上,24,石膏ﾎﾞｰﾄﾞA,30,30,3,kg,40,1200,16487,4,D（建設）,1,処分費,15:01,15:06,0,eｿﾘｭｰｼｮﾝｻｰﾋﾞｽ,1,ｵﾈｽﾄ,1,新木場ﾘｻｲｸﾙ工場,361,全公研,289,全公研,1,紙,,4,山本
2024/07/18(木),2024/07/18(木),2024/07/18(木),6963,WY'ｓ,1,売上,4,混合廃棄物(焼却物),110,110,3,kg,75,8250,16394,2,B（残置）,1,処分費,9:10,9:13,0,WY'ｓ,1,ｵﾈｽﾄ,1,新木場ﾘｻｲｸﾙ工場,6963,WY'ｓ,558,WY's,1,紙,,7,小林
2024/07/18(木),2024/07/18(木),2024/07/18(木),7334,ｲｹｱ･ｼﾞｬﾊﾟﾝ,1,売上,1,混合廃棄物A,150,150,3,kg,54,8100,16403,1,A（事業）,1,処分費,10:21,10:25,1,IKEA原宿,1,ｵﾈｽﾄ,1,新木場ﾘｻｲｸﾙ工場,28,五十嵐商会,25,五十嵐商会,2,電子,,2,渡辺
2024/07/18(木),2024/07/18(木),2024/07/18(木),7334,ｲｹｱ･ｼﾞｬﾊﾟﾝ,1,売上,30,選別,150,150,3,kg,65,9750,16403,1,A（事業）,1,処分費,10:21,10:25,1,IKEA原宿,1,ｵﾈｽﾄ,1,新木場ﾘｻｲｸﾙ工場,28,五十嵐商会,25,五十嵐商会,2,電子,,2,渡辺
2024/07/18(木),2024/07/18(木),2024/07/18(木),7447,日本ｴﾚﾍﾞｰﾀｰ製造,2,支払,68,GC 軽鉄･ｽﾁｰﾙ類,1560,1560,3,kg,33,51480,16485,4,D（建設）,3,有価物,15:21,15:22,12,都営小松川二丁目第2ｱﾊﾟｰﾄ昇降機ﾘﾆｭｰｱﾙ工事,1,ｵﾈｽﾄ,1,新木場ﾘｻｲｸﾙ工場,16,泉土木,14,泉土木,1,紙,,1,矢作
2024/07/18(木),2024/07/18(木),2024/07/18(木),7507,加藤電気工事,1,売上,2,混合廃棄物B,1440,1440,3,kg,70,100800,16381,4,D（建設）,1,処分費,7:15,7:20,1,倉庫,1,ｵﾈｽﾄ,1,新木場ﾘｻｲｸﾙ工場,226,ｽﾃｱ,188,ｽﾃｱ,1,紙,,4,山本
2024/07/18(木),2024/07/18(木),2024/07/18(木),7575,対島工業,1,売上,2,混合廃棄物B,340,340,3,kg,70,23800,16414,3,C（解体）,1,処分費,10:49,10:51,0,対島工業,1,ｵﾈｽﾄ,1,新木場ﾘｻｲｸﾙ工場,7566,KUDAI,639,KUDAI,1,紙,,6,川部
2024/07/18(木),2024/07/18(木),2024/07/18(木),7604,ｾﾞﾝﾃﾘｱ,1,売上,29,木くず,180,180,3,kg,35,6300,16466,3,C（解体）,1,処分費,13:48,13:48,0,ｾﾞﾝﾃﾘｱ,1,ｵﾈｽﾄ,1,新木場ﾘｻｲｸﾙ工場,7604,ｾﾞﾝﾃﾘｱ,1095,ゼンテリア,2,電子,,7,小林
2024/07/18(木),2024/07/18(木),2024/07/18(木),7619,ｽﾎﾟｰﾂｸﾗﾌﾞNAS,1,売上,1,混合廃棄物A,590,590,3,kg,54,31860,16449,1,A（事業）,1,処分費,12:43,12:43,1,ｽﾎﾟｰﾂｸﾗﾌﾞNAS光が丘,1,ｵﾈｽﾄ,1,新木場ﾘｻｲｸﾙ工場,28,五十嵐商会,25,五十嵐商会,1,紙,,2,渡辺
2024/07/18(木),2024/07/18(木),2024/07/18(木),7640,東京都住宅供給公社,1,売上,1,混合廃棄物A,670,670,3,kg,65,43550,16457,2,B（残置）,1,処分費,13:29,13:29,40,奥戸新町ｱﾊﾟｰﾄ,1,ｵﾈｽﾄ,1,新木場ﾘｻｲｸﾙ工場,988,さくら装建,766,さくら装建,2,電子,,2,渡辺
2024/07/18(木),2024/07/18(木),2024/07/18(木),7640,東京都住宅供給公社,1,売上,1,混合廃棄物A,1010,1010,3,kg,65,65650,16498,2,B（残置）,1,処分費,16:48,17:14,96,西水元5丁目ｱﾊﾟｰﾄ,1,ｵﾈｽﾄ,1,新木場ﾘｻｲｸﾙ工場,988,さくら装建,766,さくら装建,1,紙,,2,渡辺
2024/07/18(木),2024/07/18(木),2024/07/18(木),7640,東京都住宅供給公社,1,売上,1,混合廃棄物A,1100,1100,3,kg,65,71500,16456,2,B（残置）,1,処分費,13:18,13:18,84,都営大島6丁目ｱﾊﾟｰﾄ,1,ｵﾈｽﾄ,1,新木場ﾘｻｲｸﾙ工場,988,さくら装建,766,さくら装建,2,電子,,2,渡辺
2024/07/18(木),2024/07/18(木),2024/07/18(木),7640,東京都住宅供給公社,1,売上,30,選別,10,10,3,kg,70,700,16498,2,B（残置）,1,処分費,16:48,17:14,96,西水元5丁目ｱﾊﾟｰﾄ,1,ｵﾈｽﾄ,1,新木場ﾘｻｲｸﾙ工場,988,さくら装建,766,さくら装建,1,紙,,2,渡辺
2024/07/18(木),2024/07/18(木),2024/07/18(木),7640,東京都住宅供給公社,1,売上,492,混合廃棄物（羽毛物）,10,10,3,kg,250,2500,16498,2,B（残置）,1,処分費,16:48,17:14,96,西水元5丁目ｱﾊﾟｰﾄ,1,ｵﾈｽﾄ,1,新木場ﾘｻｲｸﾙ工場,988,さくら装建,766,さくら装建,1,紙,,2,渡辺
2024/07/18(木),2024/07/18(木),2024/07/18(木),7642,HITOMIOﾃｸﾉﾛｼﾞｰｽﾞ,1,売上,1,混合廃棄物A,1000,1000,3,kg,54,54000,16413,1,A（事業）,1,処分費,10:40,10:40,1,ReCORE鍼灸接骨院　丸の内ﾃﾗｽ,1,ｵﾈｽﾄ,1,新木場ﾘｻｲｸﾙ工場,28,五十嵐商会,25,五十嵐商会,1,紙,,2,渡辺
2024/07/18(木),2024/07/18(木),2024/07/18(木),7783,ｳｪﾌﾞｸﾘｰﾄﾞ,1,売上,1,混合廃棄物A,210,210,3,kg,65,13650,16444,2,B（残置）,1,処分費,12:20,12:20,6,ウェブクリード(千代田区内神田),1,ｵﾈｽﾄ,1,新木場ﾘｻｲｸﾙ工場,7489,ﾌｫｰﾒｰｼｮﾝ,1020,ﾌｫｰﾒｰｼｮﾝ,1,紙,,7,小林
2024/07/18(木),2024/07/18(木),2024/07/18(木),7783,ｳｪﾌﾞｸﾘｰﾄﾞ,1,売上,25,石膏ﾎﾞｰﾄﾞB,20,20,3,kg,50,1000,16444,2,B（残置）,1,処分費,12:20,12:20,6,ウェブクリード(千代田区内神田),1,ｵﾈｽﾄ,1,新木場ﾘｻｲｸﾙ工場,7489,ﾌｫｰﾒｰｼｮﾝ,1020,ﾌｫｰﾒｰｼｮﾝ,1,紙,,7,小林
2024/07/18(木),2024/07/18(木),2024/07/18(木),7783,ｳｪﾌﾞｸﾘｰﾄﾞ,1,売上,29,木くず,70,70,3,kg,35,2450,16444,2,B（残置）,1,処分費,12:20,12:20,6,ウェブクリード(千代田区内神田),1,ｵﾈｽﾄ,1,新木場ﾘｻｲｸﾙ工場,7489,ﾌｫｰﾒｰｼｮﾝ,1020,ﾌｫｰﾒｰｼｮﾝ,1,紙,,7,小林
2024/07/18(木),2024/07/18(木),2024/07/18(木),8249,ﾄﾏｯｸ,1,売上,1,混合廃棄物A,840,840,3,kg,65,54600,16490,4,D（建設）,1,処分費,15:28,15:28,2,令和5年度夢の島緑道公園東側護岸外2か所補,1,ｵﾈｽﾄ,1,新木場ﾘｻｲｸﾙ工場,1,ｵﾈｽﾄ,1172,ﾄﾏｯｸ,1,紙,,5,今村（紀）
2024/07/18(木),2024/07/18(木),2024/07/18(木),8249,ﾄﾏｯｸ,1,売上,349,運搬費(4ｔｺﾝﾃﾅ),,1,7,台,23000,23000,16490,4,D（建設）,2,運搬費,15:28,15:28,2,令和5年度夢の島緑道公園東側護岸外2か所補,1,ｵﾈｽﾄ,1,新木場ﾘｻｲｸﾙ工場,1,ｵﾈｽﾄ,1172,ﾄﾏｯｸ,1,紙,,5,今村（紀）
2024/07/18(木),2024/07/18(木),2024/07/18(木),8290,日本通運,1,売上,38,廃ﾌﾟﾗｽﾁｯｸ類,370,370,3,kg,60,22200,16420,1,A（事業）,1,処分費,11:14,11:14,2,羽田京浜島航空貨物ｾﾝﾀｰ,1,ｵﾈｽﾄ,1,新木場ﾘｻｲｸﾙ工場,1,ｵﾈｽﾄ,95,日本通運,2,電子,,7,小林
2024/07/18(木),2024/07/18(木),2024/07/18(木),8290,日本通運,1,売上,109,運搬費,,1,7,台,21000,21000,16420,1,A（事業）,2,運搬費,11:14,11:14,2,羽田京浜島航空貨物ｾﾝﾀｰ,1,ｵﾈｽﾄ,1,新木場ﾘｻｲｸﾙ工場,1,ｵﾈｽﾄ,95,日本通運,2,電子,,7,小林
2024/07/18(木),2024/07/18(木),2024/07/18(木),8449,ﾌﾟﾚｲﾜﾝ,1,売上,2,混合廃棄物B,360,360,3,kg,70,25200,16497,3,C（解体）,1,処分費,16:34,16:38,7,小園南2丁目木造解体工事,1,ｵﾈｽﾄ,1,新木場ﾘｻｲｸﾙ工場,8343,JANSTAR,627,JANSTAR,1,紙,,6,川部
2024/07/18(木),2024/07/18(木),2024/07/18(木),8459,ｸﾞﾘｰﾝﾜｰｸｽ,1,売上,1,混合廃棄物A,70,70,3,kg,65,4550,16391,2,B（残置）,1,処分費,8:42,8:45,4,ｸﾞﾘｰﾝﾜｰｸｽ現場(横浜市),1,ｵﾈｽﾄ,1,新木場ﾘｻｲｸﾙ工場,8459,ｸﾞﾘｰﾝﾜｰｸｽ,1184,ｸﾞﾘｰﾝﾜｰｸｽ,1,紙,,12,サン・テクノ
2024/07/18(木),2024/07/18(木),2024/07/18(木),8469,ﾘｭｳﾎｰﾌﾟﾘﾝﾄ,1,売上,2,混合廃棄物B,990,990,3,kg,65,64350,16453,1,A（事業）,1,処分費,12:58,13:00,0,ﾘｭｳﾎｰﾌﾟﾘﾝﾄ,1,ｵﾈｽﾄ,1,新木場ﾘｻｲｸﾙ工場,332,吉野商会,269,吉野商会,1,紙,,6,川部
2024/07/18(木),2024/09/01(日),2024/09/01(日),923,港区教育委員会事務局　学校教育部,1,売上,14,混合廃棄物,10,10,3,kg,45,450,16423,6,F（他）,1,処分費,11:19,11:19,30,麻布幼稚園,1,ｵﾈｽﾄ,1,新木場ﾘｻｲｸﾙ工場,1,ｵﾈｽﾄ,1311,港区教育委員会事務局　学校教育部,1,紙,,7,小林
2024/07/18(木),2024/09/01(日),2024/09/01(日),923,港区教育委員会事務局　学校教育部,1,売上,14,混合廃棄物,10,10,3,kg,45,450,16424,6,F（他）,1,処分費,11:20,11:20,31,本村幼稚園,1,ｵﾈｽﾄ,1,新木場ﾘｻｲｸﾙ工場,1,ｵﾈｽﾄ,1311,港区教育委員会事務局　学校教育部,1,紙,,7,小林
2024/07/18(木),2024/09/01(日),2024/09/01(日),923,港区教育委員会事務局　学校教育部,1,売上,14,混合廃棄物,10,10,3,kg,45,450,16425,6,F（他）,1,処分費,11:23,11:23,32,仲之町幼稚園,1,ｵﾈｽﾄ,1,新木場ﾘｻｲｸﾙ工場,1,ｵﾈｽﾄ,1311,港区教育委員会事務局　学校教育部,1,紙,,7,小林
2024/07/18(木),2024/09/01(日),2024/09/01(日),923,港区教育委員会事務局　学校教育部,1,売上,14,混合廃棄物,30,30,3,kg,45,1350,16434,6,F（他）,1,処分費,11:36,11:37,28,三光幼稚園,1,ｵﾈｽﾄ,1,新木場ﾘｻｲｸﾙ工場,1,ｵﾈｽﾄ,1311,港区教育委員会事務局　学校教育部,1,紙,,7,小林
2024/07/18(木),2024/09/01(日),2024/09/01(日),923,港区教育委員会事務局　学校教育部,1,売上,14,混合廃棄物,80,80,3,kg,45,3600,16401,6,F（他）,1,処分費,10:05,10:07,24,お台場学園　港陽中学校,1,ｵﾈｽﾄ,1,新木場ﾘｻｲｸﾙ工場,1,ｵﾈｽﾄ,1311,港区教育委員会事務局　学校教育部,1,紙,,7,小林
2024/07/18(木),2024/09/01(日),2024/09/01(日),923,港区教育委員会事務局　学校教育部,1,売上,14,混合廃棄物,170,170,3,kg,45,7650,16432,6,F（他）,1,処分費,15:43,11:54,27,白金台幼稚園,1,ｵﾈｽﾄ,1,新木場ﾘｻｲｸﾙ工場,1,ｵﾈｽﾄ,1311,港区教育委員会事務局　学校教育部,1,紙,,7,小林
2024/07/18(木),2024/09/01(日),2024/09/01(日),923,港区教育委員会事務局　学校教育部,1,売上,14,混合廃棄物,840,840,3,kg,45,37800,16400,6,F（他）,1,処分費,9:51,9:57,24,お台場学園　港陽中学校,1,ｵﾈｽﾄ,1,新木場ﾘｻｲｸﾙ工場,1,ｵﾈｽﾄ,1311,港区教育委員会事務局　学校教育部,1,紙,,7,小林
2024/07/18(木),2024/09/18(水),2024/09/18(水),4603,ﾋｭｰﾏﾝﾌﾛﾝﾃｨｱ,1,売上,1,混合廃棄物A,1920,1920,3,kg,60,115200,16460,2,B（残置）,1,処分費,13:26,13:28,2,菅谷置場残置物撤去,1,ｵﾈｽﾄ,1,新木場ﾘｻｲｸﾙ工場,1,ｵﾈｽﾄ,415,ﾋｭｰﾏﾝﾌﾛﾝﾃｨｱ,1,紙,,7,小林
2024/07/18(木),2024/09/18(水),2024/09/18(水),4603,ﾋｭｰﾏﾝﾌﾛﾝﾃｨｱ,1,売上,109,運搬費,,1,7,台,25000,25000,16460,2,B（残置）,2,運搬費,13:26,13:28,2,菅谷置場残置物撤去,1,ｵﾈｽﾄ,1,新木場ﾘｻｲｸﾙ工場,1,ｵﾈｽﾄ,415,ﾋｭｰﾏﾝﾌﾛﾝﾃｨｱ,1,紙,,7,小林
