date,total_customer_count_csv,fixed_customer_count_csv,fixed_customer_ratio_csv,total_customer_count_db,fixed_customer_count_db,fixed_customer_ratio_db,diff_total,diff_fixed,diff_ratio
2023-01-04,19,0,0.0,19,0,0.0,0,0,0.0
2023-01-05,54,35,0.6481481481481481,54,35,0.648148,0,0,-1.4814814819352762e-07
2023-01-06,57,40,0.7017543859649122,57,40,0.701754,0,0,-3.8596491225284524e-07
2023-01-07,53,30,0.5660377358490566,53,30,0.566038,0,0,2.6415094345200174e-07
2023-01-08,18,9,0.5,18,9,0.5,0,0,0.0
2023-01-09,29,17,0.5862068965517241,29,17,0.586207,0,0,1.0344827594543915e-07
2023-01-10,64,40,0.625,64,40,0.625,0,0,0.0
2023-01-11,64,35,0.546875,64,35,0.546875,0,0,0.0
2023-01-12,61,36,0.5901639344262295,61,36,0.590164,0,0,6.557377052462954e-08
2023-01-13,70,40,0.5714285714285714,70,40,0.571429,0,0,4.285714285678921e-07
2023-01-14,56,31,0.5535714285714286,56,31,0.553571,0,0,-4.285714285678921e-07
2023-01-15,18,9,0.5,18,9,0.5,0,0,0.0
2023-01-16,53,35,0.660377358490566,53,35,0.660377,0,0,-3.584905660103388e-07
2023-01-17,70,41,0.5857142857142857,70,41,0.585714,0,0,-2.8571428578594293e-07
2023-01-18,66,35,0.5303030303030303,66,35,0.530303,0,0,-3.0303030307266e-08
2023-01-19,66,36,0.5454545454545454,66,36,0.545455,0,0,4.5454545460899e-07
2023-01-20,70,40,0.5714285714285714,70,40,0.571429,0,0,4.285714285678921e-07
2023-01-21,46,30,0.6521739130434783,46,30,0.652174,0,0,8.695652176093915e-08
2023-01-22,16,9,0.5625,16,9,0.5625,0,0,0.0
2023-01-23,55,36,0.6545454545454545,55,36,0.654545,0,0,-4.545454544979677e-07
2023-01-24,68,40,0.5882352941176471,68,40,0.588235,0,0,-2.941176471260576e-07
2023-01-25,61,34,0.5573770491803278,61,34,0.557377,0,0,-4.9180327810205426e-08
2023-01-26,75,36,0.48,75,36,0.48,0,0,0.0
2023-01-27,76,40,0.5263157894736842,76,40,0.526316,0,0,2.105263158247439e-07
2023-01-28,60,32,0.5333333333333333,60,32,0.533333,0,0,-3.33333333379926e-07
2023-01-29,25,11,0.44,25,11,0.44,0,0,0.0
2023-01-30,60,36,0.6,60,36,0.6,0,0,0.0
2023-01-31,77,41,0.5324675324675324,77,41,0.532468,0,0,4.6753246762953893e-07
2023-02-01,64,35,0.546875,64,35,0.546875,0,0,0.0
2023-02-02,58,36,0.6206896551724138,58,36,0.62069,0,0,3.4482758615173026e-07
2023-02-03,65,40,0.6153846153846154,65,40,0.615385,0,0,3.846153845410427e-07
2023-02-04,63,31,0.492063492063492,63,31,0.492063,0,0,-4.920634920080325e-07
2023-02-05,21,10,0.4761904761904761,21,10,0.47619,0,0,-4.76190476106364e-07
2023-02-06,64,36,0.5625,64,36,0.5625,0,0,0.0
2023-02-07,75,41,0.5466666666666666,75,41,0.546667,0,0,3.33333333379926e-07
2023-02-08,69,35,0.5072463768115942,69,35,0.507246,0,0,-3.7681159426039557e-07
2023-02-09,62,36,0.5806451612903226,62,36,0.580645,0,0,-1.612903226533291e-07
2023-02-10,69,41,0.5942028985507246,69,41,0.594203,0,0,1.0144927542476978e-07
2023-02-11,42,16,0.3809523809523809,42,16,0.380952,0,0,-3.8095238086288674e-07
2023-02-13,65,35,0.5384615384615384,65,35,0.538462,0,0,4.6153846156027356e-07
2023-02-14,68,42,0.6176470588235294,68,42,0.617647,0,0,-5.88235294918249e-08
2023-02-15,65,35,0.5384615384615384,65,35,0.538462,0,0,4.6153846156027356e-07
2023-02-16,72,36,0.5,72,36,0.5,0,0,0.0
2023-02-17,69,40,0.5797101449275363,69,40,0.57971,0,0,-1.4492753630523936e-07
2023-02-18,64,30,0.46875,64,30,0.46875,0,0,0.0
2023-02-19,18,10,0.5555555555555556,18,10,0.555556,0,0,4.4444444446956055e-07
2023-02-20,63,35,0.5555555555555556,63,35,0.555556,0,0,4.4444444446956055e-07
2023-02-21,71,40,0.5633802816901409,71,40,0.56338,0,0,-2.816901408797534e-07
2023-02-22,65,35,0.5384615384615384,65,35,0.538462,0,0,4.6153846156027356e-07
2023-02-23,52,15,0.2884615384615384,52,15,0.288462,0,0,4.615384616157847e-07
2023-02-24,72,39,0.5416666666666666,72,39,0.541667,0,0,3.33333333379926e-07
2023-02-25,57,31,0.543859649122807,57,31,0.54386,0,0,3.5087719296722497e-07
2023-02-26,23,10,0.4347826086956521,23,10,0.434783,0,0,3.9130434786871504e-07
2023-02-27,63,35,0.5555555555555556,63,35,0.555556,0,0,4.4444444446956055e-07
2023-02-28,74,40,0.5405405405405406,74,40,0.540541,0,0,4.5945945947867273e-07
2023-04-01,57,31,0.543859649122807,57,31,0.54386,0,0,3.5087719296722497e-07
2023-04-02,23,10,0.4347826086956521,23,10,0.434783,0,0,3.9130434786871504e-07
2023-04-03,63,35,0.5555555555555556,63,35,0.555556,0,0,4.4444444446956055e-07
2023-04-04,71,40,0.5633802816901409,71,40,0.56338,0,0,-2.816901408797534e-07
2023-04-05,66,35,0.5303030303030303,66,35,0.530303,0,0,-3.0303030307266e-08
2023-04-06,77,36,0.4675324675324675,77,36,0.467532,0,0,-4.675324675185166e-07
2023-04-07,68,40,0.5882352941176471,68,40,0.588235,0,0,-2.941176471260576e-07
2023-04-08,48,31,0.6458333333333334,48,31,0.645833,0,0,-3.33333333379926e-07
2023-04-10,54,35,0.6481481481481481,54,35,0.648148,0,0,-1.4814814819352762e-07
2023-04-11,65,41,0.6307692307692307,65,41,0.630769,0,0,-2.3076923072462563e-07
2023-04-12,65,35,0.5384615384615384,65,35,0.538462,0,0,4.6153846156027356e-07
2023-04-13,59,36,0.6101694915254238,59,36,0.610169,0,0,-4.915254238069267e-07
2023-04-14,65,41,0.6307692307692307,65,41,0.630769,0,0,-2.3076923072462563e-07
2023-04-15,58,31,0.5344827586206896,58,31,0.534483,0,0,2.413793104283357e-07
2023-04-16,19,11,0.5789473684210527,19,11,0.578947,0,0,-3.6842105266554626e-07
2023-04-17,63,35,0.5555555555555556,63,35,0.555556,0,0,4.4444444446956055e-07
2023-04-18,73,40,0.547945205479452,73,40,0.547945,0,0,-2.054794520089942e-07
2023-04-19,65,35,0.5384615384615384,65,35,0.538462,0,0,4.6153846156027356e-07
2023-04-20,65,37,0.5692307692307692,65,37,0.569231,0,0,2.3076923083564793e-07
2023-04-21,74,41,0.5540540540540541,74,41,0.554054,0,0,-5.405405401059937e-08
2023-04-22,50,31,0.62,50,31,0.62,0,0,0.0
2023-04-23,18,10,0.5555555555555556,18,10,0.555556,0,0,4.4444444446956055e-07
2023-04-24,64,35,0.546875,64,35,0.546875,0,0,0.0
2023-04-25,70,41,0.5857142857142857,70,41,0.585714,0,0,-2.8571428578594293e-07
2023-04-26,68,36,0.5294117647058824,68,36,0.529412,0,0,2.352941176342327e-07
2023-04-27,67,36,0.5373134328358209,67,36,0.537313,0,0,-4.328358208516292e-07
2023-04-28,70,39,0.5571428571428572,70,39,0.557143,0,0,1.4285714289297147e-07
2023-04-29,62,15,0.2419354838709677,62,15,0.241935,0,0,-4.838709676824315e-07
2023-04-30,24,10,0.4166666666666667,24,10,0.416667,0,0,3.3333333332441484e-07
2023-05-01,69,33,0.4782608695652174,69,33,0.478261,0,0,1.3043478258589758e-07
2023-05-02,80,39,0.4875,80,39,0.4875,0,0,0.0
2023-05-06,54,31,0.5740740740740741,54,31,0.574074,0,0,-7.407407409676381e-08
2023-05-07,23,11,0.4782608695652174,23,11,0.478261,0,0,1.3043478258589758e-07
2023-05-08,53,35,0.660377358490566,53,35,0.660377,0,0,-3.584905660103388e-07
2023-05-09,70,43,0.6142857142857143,70,43,0.614286,0,0,2.8571428567492063e-07
2023-05-10,71,36,0.5070422535211268,71,36,0.507042,0,0,-2.535211267584714e-07
2023-05-11,61,36,0.5901639344262295,61,36,0.590164,0,0,6.557377052462954e-08
2023-05-12,65,40,0.6153846153846154,65,40,0.615385,0,0,3.846153845410427e-07
2023-05-13,51,32,0.6274509803921569,51,32,0.627451,0,0,1.96078431269342e-08
2023-05-14,25,10,0.4,25,10,0.4,0,0,0.0
2023-05-15,53,35,0.660377358490566,53,35,0.660377,0,0,-3.584905660103388e-07
2023-05-16,71,48,0.676056338028169,71,48,0.676056,0,0,-3.380281690112952e-07
2023-05-17,71,37,0.5211267605633803,71,37,0.521127,0,0,2.394366197533415e-07
2023-05-18,54,38,0.7037037037037037,54,38,0.703704,0,0,2.9629629627603293e-07
2023-05-19,67,40,0.5970149253731343,67,40,0.597015,0,0,7.462686568704413e-08
2023-05-20,56,33,0.5892857142857143,56,33,0.589286,0,0,2.8571428567492063e-07
2023-05-21,24,10,0.4166666666666667,24,10,0.416667,0,0,3.3333333332441484e-07
2023-05-22,59,36,0.6101694915254238,59,36,0.610169,0,0,-4.915254238069267e-07
2023-05-23,75,42,0.56,75,42,0.56,0,0,0.0
2023-05-24,80,35,0.4375,80,35,0.4375,0,0,0.0
2023-05-25,66,36,0.5454545454545454,66,36,0.545455,0,0,4.5454545460899e-07
2023-05-26,67,40,0.5970149253731343,67,40,0.597015,0,0,7.462686568704413e-08
2023-05-27,53,31,0.5849056603773585,53,31,0.584906,0,0,3.3962264156528477e-07
2023-05-28,31,11,0.3548387096774194,31,11,0.354839,0,0,2.903225806427656e-07
2023-05-29,63,39,0.6190476190476191,63,39,0.619048,0,0,3.8095238097390904e-07
2023-05-30,65,41,0.6307692307692307,65,41,0.630769,0,0,-2.3076923072462563e-07
2023-05-31,69,38,0.5507246376811594,69,38,0.550725,0,0,3.6231884059656494e-07
2023-06-01,59,36,0.6101694915254238,59,36,0.610169,0,0,-4.915254238069267e-07
2023-06-02,61,41,0.6721311475409836,61,41,0.672131,0,0,-1.4754098354163858e-07
2023-06-03,54,31,0.5740740740740741,54,31,0.574074,0,0,-7.407407409676381e-08
2023-06-04,19,10,0.5263157894736842,19,10,0.526316,0,0,2.105263158247439e-07
2023-06-05,57,35,0.6140350877192983,57,35,0.614035,0,0,-8.771929826956182e-08
2023-06-06,72,42,0.5833333333333334,72,42,0.583333,0,0,-3.33333333379926e-07
2023-06-07,69,35,0.5072463768115942,69,35,0.507246,0,0,-3.7681159426039557e-07
2023-06-08,62,36,0.5806451612903226,62,36,0.580645,0,0,-1.612903226533291e-07
2023-06-09,78,40,0.5128205128205128,78,40,0.512821,0,0,4.871794871963431e-07
2023-06-10,51,31,0.6078431372549019,51,31,0.607843,0,0,-1.372549018885394e-07
2023-06-12,63,34,0.5396825396825397,63,34,0.539683,0,0,4.60317460371229e-07
2023-06-13,64,40,0.625,64,40,0.625,0,0,0.0
2023-06-14,60,35,0.5833333333333334,60,35,0.583333,0,0,-3.33333333379926e-07
2023-06-15,58,36,0.6206896551724138,58,36,0.62069,0,0,3.4482758615173026e-07
2023-06-16,67,41,0.6119402985074627,67,41,0.61194,0,0,-2.985074626371542e-07
2023-06-17,49,31,0.6326530612244898,49,31,0.632653,0,0,-6.122448981127349e-08
2023-06-18,23,10,0.4347826086956521,23,10,0.434783,0,0,3.9130434786871504e-07
2023-06-19,60,36,0.6,60,36,0.6,0,0,0.0
2023-06-20,71,42,0.5915492957746479,71,42,0.591549,0,0,-2.957746478848833e-07
2023-06-21,71,39,0.5492957746478874,71,39,0.549296,0,0,2.2535211263718935e-07
2023-06-22,62,35,0.5645161290322581,62,35,0.564516,0,0,-1.2903225810045882e-07
2023-06-23,61,40,0.6557377049180327,61,40,0.655738,0,0,2.9508196730532177e-07
2023-06-24,52,31,0.5961538461538461,52,31,0.596154,0,0,1.5384615381641709e-07
2023-06-25,20,11,0.55,20,11,0.55,0,0,0.0
2023-06-26,58,37,0.6379310344827587,58,37,0.637931,0,0,-3.4482758648479717e-08
2023-06-27,71,41,0.5774647887323944,71,41,0.577465,0,0,2.1126760563205949e-07
2023-06-28,63,35,0.5555555555555556,63,35,0.555556,0,0,4.4444444446956055e-07
2023-06-29,62,36,0.5806451612903226,62,36,0.580645,0,0,-1.612903226533291e-07
2023-06-30,72,40,0.5555555555555556,72,40,0.555556,0,0,4.4444444446956055e-07
2023-07-01,57,30,0.5263157894736842,57,30,0.526316,0,0,2.105263158247439e-07
2023-07-02,19,10,0.5263157894736842,19,10,0.526316,0,0,2.105263158247439e-07
2023-07-03,57,34,0.5964912280701754,57,34,0.596491,0,0,-2.2807017541204289e-07
2023-07-04,67,42,0.6268656716417911,67,42,0.626866,0,0,3.283582089563808e-07
2023-07-05,64,36,0.5625,64,36,0.5625,0,0,0.0
2023-07-06,71,36,0.5070422535211268,71,36,0.507042,0,0,-2.535211267584714e-07
2023-07-07,68,40,0.5882352941176471,68,40,0.588235,0,0,-2.941176471260576e-07
2023-07-08,59,31,0.5254237288135594,59,31,0.525424,0,0,2.7118644063683917e-07
2023-07-10,58,34,0.5862068965517241,58,34,0.586207,0,0,1.0344827594543915e-07
2023-07-11,70,41,0.5857142857142857,70,41,0.585714,0,0,-2.8571428578594293e-07
2023-07-12,64,35,0.546875,64,35,0.546875,0,0,0.0
2023-07-13,66,36,0.5454545454545454,66,36,0.545455,0,0,4.5454545460899e-07
2023-07-14,64,40,0.625,64,40,0.625,0,0,0.0
2023-07-15,57,30,0.5263157894736842,57,30,0.526316,0,0,2.105263158247439e-07
2023-07-16,24,14,0.5833333333333334,24,14,0.583333,0,0,-3.33333333379926e-07
2023-07-17,31,16,0.5161290322580645,31,16,0.516129,0,0,-3.225806455287028e-08
2023-07-18,62,43,0.6935483870967742,62,43,0.693548,0,0,-3.8709677419035415e-07
2023-07-19,68,38,0.5588235294117647,68,38,0.558824,0,0,4.705882352684654e-07
2023-07-20,73,36,0.4931506849315068,73,36,0.493151,0,0,3.150684931840786e-07
2023-07-21,74,40,0.5405405405405406,74,40,0.540541,0,0,4.5945945947867273e-07
2023-07-22,52,31,0.5961538461538461,52,31,0.596154,0,0,1.5384615381641709e-07
2023-07-23,25,14,0.56,25,14,0.56,0,0,0.0
2023-07-24,63,34,0.5396825396825397,63,34,0.539683,0,0,4.60317460371229e-07
2023-07-25,75,41,0.5466666666666666,75,41,0.546667,0,0,3.33333333379926e-07
2023-07-26,69,35,0.5072463768115942,69,35,0.507246,0,0,-3.7681159426039557e-07
2023-07-27,67,36,0.5373134328358209,67,36,0.537313,0,0,-4.328358208516292e-07
2023-07-28,68,40,0.5882352941176471,68,40,0.588235,0,0,-2.941176471260576e-07
2023-07-29,48,32,0.6666666666666666,48,32,0.666667,0,0,3.33333333379926e-07
2023-07-30,27,13,0.4814814814814814,27,13,0.481481,0,0,-4.814814814069202e-07
2023-07-31,57,34,0.5964912280701754,57,34,0.596491,0,0,-2.2807017541204289e-07
2023-08-01,69,43,0.6231884057971014,69,43,0.623188,0,0,-4.057971014770345e-07
2023-08-02,57,36,0.631578947368421,57,36,0.631579,0,0,5.263157898394155e-08
2023-08-03,70,36,0.5142857142857142,70,36,0.514286,0,0,2.8571428578594293e-07
2023-08-04,71,43,0.6056338028169014,71,43,0.605634,0,0,1.9718309862692962e-07
2023-08-05,61,32,0.5245901639344263,61,32,0.52459,0,0,-1.639344262560627e-07
2023-08-06,20,10,0.5,20,10,0.5,0,0,0.0
2023-08-07,57,35,0.6140350877192983,57,35,0.614035,0,0,-8.771929826956182e-08
2023-08-08,66,41,0.6212121212121212,66,41,0.621212,0,0,-1.21212121229064e-07
2023-08-09,73,36,0.4931506849315068,73,36,0.493151,0,0,3.150684931840786e-07
2023-08-10,76,38,0.5,76,38,0.5,0,0,0.0
2023-08-11,44,16,0.3636363636363636,44,16,0.363636,0,0,-3.636363635761697e-07
2023-08-12,64,30,0.46875,64,30,0.46875,0,0,0.0
2023-08-16,62,36,0.5806451612903226,62,36,0.580645,0,0,-1.612903226533291e-07
2023-08-17,65,38,0.5846153846153846,65,38,0.584615,0,0,-3.84615384652065e-07
2023-08-18,69,42,0.6086956521739131,69,42,0.608696,0,0,3.478260869327343e-07
2023-08-19,49,32,0.6530612244897959,49,32,0.653061,0,0,-2.2448979586364715e-07
2023-08-20,20,10,0.5,20,10,0.5,0,0,0.0
2023-08-21,59,37,0.6271186440677966,59,37,0.627119,0,0,3.5593220337748477e-07
2023-08-22,68,43,0.6323529411764706,68,43,0.632353,0,0,5.88235294918249e-08
2023-08-23,70,36,0.5142857142857142,70,36,0.514286,0,0,2.8571428578594293e-07
2023-08-24,60,38,0.6333333333333333,60,38,0.633333,0,0,-3.333333332689037e-07
2023-08-25,71,41,0.5774647887323944,71,41,0.577465,0,0,2.1126760563205949e-07
2023-08-26,50,32,0.64,50,32,0.64,0,0,0.0
2023-08-27,22,11,0.5,22,11,0.5,0,0,0.0
2023-08-28,67,37,0.5522388059701493,67,37,0.552239,0,0,1.9402985074190582e-07
2023-08-29,75,42,0.56,75,42,0.56,0,0,0.0
2023-08-30,71,38,0.5352112676056338,71,38,0.535211,0,0,-2.6760563376360125e-07
2023-08-31,74,41,0.5540540540540541,74,41,0.554054,0,0,-5.405405401059937e-08
2023-09-01,71,40,0.5633802816901409,71,40,0.56338,0,0,-2.816901408797534e-07
2023-09-02,50,31,0.62,50,31,0.62,0,0,0.0
2023-09-03,28,10,0.3571428571428571,28,10,0.357143,0,0,1.4285714289297147e-07
2023-09-04,54,34,0.6296296296296297,54,34,0.62963,0,0,3.7037037037279674e-07
2023-09-05,66,41,0.6212121212121212,66,41,0.621212,0,0,-1.21212121229064e-07
2023-09-06,68,34,0.5,68,34,0.5,0,0,0.0
2023-09-07,65,35,0.5384615384615384,65,35,0.538462,0,0,4.6153846156027356e-07
2023-09-08,65,40,0.6153846153846154,65,40,0.615385,0,0,3.846153845410427e-07
2023-09-09,44,31,0.7045454545454546,44,31,0.704545,0,0,-4.5454545460899e-07
2023-09-11,63,33,0.5238095238095238,63,33,0.52381,0,0,4.7619047616187515e-07
2023-09-12,65,42,0.6461538461538462,65,42,0.646154,0,0,1.5384615381641709e-07
2023-09-13,71,35,0.4929577464788732,71,35,0.492958,0,0,2.5352112681398253e-07
2023-09-14,76,36,0.4736842105263157,76,36,0.473684,0,0,-2.105263157137216e-07
2023-09-15,67,40,0.5970149253731343,67,40,0.597015,0,0,7.462686568704413e-08
2023-09-16,57,32,0.5614035087719298,57,32,0.561404,0,0,4.912280702207283e-07
2023-09-17,23,12,0.5217391304347826,23,12,0.521739,0,0,-1.3043478264140873e-07
2023-09-18,47,22,0.4680851063829787,47,22,0.468085,0,0,-1.0638297870402269e-07
2023-09-19,68,41,0.6029411764705882,68,41,0.602941,0,0,-1.764705882534301e-07
2023-09-20,64,35,0.546875,64,35,0.546875,0,0,0.0
2023-09-21,68,35,0.5147058823529411,68,35,0.514706,0,0,1.176470588726275e-07
2023-09-22,65,40,0.6153846153846154,65,40,0.615385,0,0,3.846153845410427e-07
2023-09-23,49,16,0.3265306122448979,49,16,0.326531,0,0,3.877551021380654e-07
2023-09-24,23,10,0.4347826086956521,23,10,0.434783,0,0,3.9130434786871504e-07
2023-09-25,64,33,0.515625,64,33,0.515625,0,0,0.0
2023-09-26,72,41,0.5694444444444444,72,41,0.569444,0,0,-4.4444444446956055e-07
2023-09-27,71,35,0.4929577464788732,71,35,0.492958,0,0,2.5352112681398253e-07
2023-09-28,70,36,0.5142857142857142,70,36,0.514286,0,0,2.8571428578594293e-07
2023-09-29,67,40,0.5970149253731343,67,40,0.597015,0,0,7.462686568704413e-08
2023-09-30,57,31,0.543859649122807,57,31,0.54386,0,0,3.5087719296722497e-07
2023-10-01,29,10,0.3448275862068966,29,10,0.344828,0,0,4.137931034486897e-07
2023-10-02,62,34,0.5483870967741935,62,34,0.548387,0,0,-9.677419354758854e-08
2023-10-03,77,41,0.5324675324675324,77,41,0.532468,0,0,4.6753246762953893e-07
2023-10-04,60,35,0.5833333333333334,60,35,0.583333,0,0,-3.33333333379926e-07
2023-10-05,69,36,0.5217391304347826,69,36,0.521739,0,0,-1.3043478264140873e-07
2023-10-06,63,39,0.6190476190476191,63,39,0.619048,0,0,3.8095238097390904e-07
2023-10-07,54,31,0.5740740740740741,54,31,0.574074,0,0,-7.407407409676381e-08
2023-10-09,46,20,0.4347826086956521,46,20,0.434783,0,0,3.9130434786871504e-07
2023-10-10,64,41,0.640625,64,41,0.640625,0,0,0.0
2023-10-11,68,35,0.5147058823529411,68,35,0.514706,0,0,1.176470588726275e-07
2023-10-12,67,35,0.5223880597014925,67,35,0.522388,0,0,-5.970149252743084e-08
2023-10-13,73,40,0.547945205479452,73,40,0.547945,0,0,-2.054794520089942e-07
2023-10-14,49,31,0.6326530612244898,49,31,0.632653,0,0,-6.122448981127349e-08
2023-10-15,23,10,0.4347826086956521,23,10,0.434783,0,0,3.9130434786871504e-07
2023-10-16,60,34,0.5666666666666667,60,34,0.566667,0,0,3.33333333379926e-07
2023-10-17,75,41,0.5466666666666666,75,41,0.546667,0,0,3.33333333379926e-07
2023-10-18,70,37,0.5285714285714286,70,37,0.528571,0,0,-4.285714285678921e-07
2023-10-19,75,36,0.48,75,36,0.48,0,0,0.0
2023-10-20,74,40,0.5405405405405406,74,40,0.540541,0,0,4.5945945947867273e-07
2023-10-21,58,31,0.5344827586206896,58,31,0.534483,0,0,2.413793104283357e-07
2023-10-22,26,10,0.3846153846153846,26,10,0.384615,0,0,-3.8461538459655387e-07
2023-10-23,59,34,0.576271186440678,59,34,0.576271,0,0,-1.8644067800721587e-07
2023-10-24,76,42,0.5526315789473685,76,42,0.552632,0,0,4.210526315384655e-07
2023-10-25,73,35,0.4794520547945205,73,35,0.479452,0,0,-5.4794520532031044e-08
2023-10-26,67,36,0.5373134328358209,67,36,0.537313,0,0,-4.328358208516292e-07
2023-10-27,70,40,0.5714285714285714,70,40,0.571429,0,0,4.285714285678921e-07
2023-10-28,61,31,0.5081967213114754,61,31,0.508197,0,0,2.7868852459089766e-07
2023-10-29,28,10,0.3571428571428571,28,10,0.357143,0,0,1.4285714289297147e-07
2023-10-30,67,34,0.5074626865671642,67,34,0.507463,0,0,3.134328357967675e-07
2023-10-31,72,41,0.5694444444444444,72,41,0.569444,0,0,-4.4444444446956055e-07
2023-11-01,57,34,0.5964912280701754,57,34,0.596491,0,0,-2.2807017541204289e-07
2023-11-02,68,36,0.5294117647058824,68,36,0.529412,0,0,2.352941176342327e-07
2023-11-03,42,15,0.3571428571428571,41,15,0.365854,-1,0,0.008711142857142917
2023-11-04,58,31,0.5344827586206896,58,31,0.534483,0,0,2.413793104283357e-07
2023-11-05,26,11,0.4230769230769231,26,11,0.423077,0,0,7.692307690820854e-08
2023-11-06,60,33,0.55,60,33,0.55,0,0,0.0
2023-11-07,69,42,0.6086956521739131,69,42,0.608696,0,0,3.478260869327343e-07
2023-11-08,64,36,0.5625,64,36,0.5625,0,0,0.0
2023-11-09,64,36,0.5625,64,36,0.5625,0,0,0.0
2023-11-10,59,41,0.6949152542372882,59,41,0.694915,0,0,-2.542372882219368e-07
2023-11-11,51,31,0.6078431372549019,51,31,0.607843,0,0,-1.372549018885394e-07
2023-11-13,60,34,0.5666666666666667,60,34,0.566667,0,0,3.33333333379926e-07
2023-11-14,72,43,0.5972222222222222,72,43,0.597222,0,0,-2.2222222217926912e-07
2023-11-15,70,37,0.5285714285714286,70,37,0.528571,0,0,-4.285714285678921e-07
2023-11-16,62,35,0.5645161290322581,62,35,0.564516,0,0,-1.2903225810045882e-07
2023-11-17,68,39,0.5735294117647058,68,39,0.573529,0,0,-4.117647058876628e-07
2023-11-18,57,31,0.543859649122807,57,31,0.54386,0,0,3.5087719296722497e-07
2023-11-19,32,10,0.3125,32,10,0.3125,0,0,0.0
2023-11-20,59,33,0.559322033898305,59,33,0.559322,0,0,-3.389830505184932e-08
2023-11-21,71,40,0.5633802816901409,71,40,0.56338,0,0,-2.816901408797534e-07
2023-11-22,69,35,0.5072463768115942,69,35,0.507246,0,0,-3.7681159426039557e-07
2023-11-23,49,16,0.3265306122448979,49,16,0.326531,0,0,3.877551021380654e-07
2023-11-24,70,39,0.5571428571428572,70,39,0.557143,0,0,1.4285714289297147e-07
2023-11-25,67,31,0.4626865671641791,67,31,0.462687,0,0,4.3283582090714035e-07
2023-11-26,30,11,0.3666666666666666,30,11,0.366667,0,0,3.3333333343543714e-07
2023-11-27,57,33,0.5789473684210527,57,33,0.578947,0,0,-3.6842105266554626e-07
2023-11-28,75,40,0.5333333333333333,75,40,0.533333,0,0,-3.33333333379926e-07
2023-11-29,68,35,0.5147058823529411,68,35,0.514706,0,0,1.176470588726275e-07
2023-11-30,70,35,0.5,70,35,0.5,0,0,0.0
2023-12-01,66,40,0.6060606060606061,66,40,0.606061,0,0,3.939393938834357e-07
2023-12-02,57,31,0.543859649122807,57,31,0.54386,0,0,3.5087719296722497e-07
2023-12-03,26,10,0.3846153846153846,26,10,0.384615,0,0,-3.8461538459655387e-07
2023-12-04,61,34,0.5573770491803278,61,34,0.557377,0,0,-4.9180327810205426e-08
2023-12-05,72,42,0.5833333333333334,72,42,0.583333,0,0,-3.33333333379926e-07
2023-12-06,62,35,0.5645161290322581,62,35,0.564516,0,0,-1.2903225810045882e-07
2023-12-07,70,36,0.5142857142857142,70,36,0.514286,0,0,2.8571428578594293e-07
2023-12-08,69,40,0.5797101449275363,69,40,0.57971,0,0,-1.4492753630523936e-07
2023-12-09,60,31,0.5166666666666667,60,31,0.516667,0,0,3.333333332689037e-07
2023-12-10,28,10,0.3571428571428571,28,10,0.357143,0,0,1.4285714289297147e-07
2023-12-11,55,33,0.6,55,33,0.6,0,0,0.0
2023-12-12,74,42,0.5675675675675675,74,42,0.567568,0,0,4.324324324178619e-07
2023-12-13,74,35,0.4729729729729729,74,35,0.472973,0,0,2.7027027060810838e-08
2023-12-14,62,35,0.5645161290322581,62,35,0.564516,0,0,-1.2903225810045882e-07
2023-12-15,68,41,0.6029411764705882,68,41,0.602941,0,0,-1.764705882534301e-07
2023-12-16,61,31,0.5081967213114754,61,31,0.508197,0,0,2.7868852459089766e-07
2023-12-17,25,9,0.36,25,9,0.36,0,0,0.0
2023-12-18,65,34,0.5230769230769231,65,34,0.523077,0,0,7.692307690820854e-08
2023-12-19,70,42,0.6,70,42,0.6,0,0,0.0
2023-12-20,73,36,0.4931506849315068,73,36,0.493151,0,0,3.150684931840786e-07
2023-12-21,81,35,0.4320987654320987,81,35,0.432099,0,0,2.3456790132492245e-07
2023-12-22,71,40,0.5633802816901409,71,40,0.56338,0,0,-2.816901408797534e-07
2023-12-23,59,31,0.5254237288135594,59,31,0.525424,0,0,2.7118644063683917e-07
2023-12-24,32,11,0.34375,32,11,0.34375,0,0,0.0
2023-12-25,74,36,0.4864864864864865,74,36,0.486486,0,0,-4.864864865394836e-07
2023-12-26,94,45,0.4787234042553192,94,45,0.478723,0,0,-4.0425531916410407e-07
2023-12-27,90,37,0.4111111111111111,90,37,0.411111,0,0,-1.1111111108963456e-07
2023-12-28,83,38,0.4578313253012048,83,38,0.457831,0,0,-3.2530120480656066e-07
2023-12-29,73,40,0.547945205479452,73,40,0.547945,0,0,-2.054794520089942e-07
2024-01-05,50,40,0.8,50,40,0.8,0,0,0.0
2024-01-06,48,31,0.6458333333333334,48,31,0.645833,0,0,-3.33333333379926e-07
2024-01-07,21,10,0.4761904761904761,21,10,0.47619,0,0,-4.76190476106364e-07
2024-01-08,37,16,0.4324324324324324,37,16,0.432432,0,0,-4.324324324178619e-07
2024-01-09,65,44,0.676923076923077,65,44,0.676923,0,0,-7.692307690820854e-08
2024-01-10,61,37,0.6065573770491803,61,37,0.606557,0,0,-3.770491803223308e-07
2024-01-11,59,35,0.5932203389830508,59,35,0.59322,0,0,-3.389830508515601e-07
2024-01-12,61,40,0.6557377049180327,61,40,0.655738,0,0,2.9508196730532177e-07
2024-01-13,56,32,0.5714285714285714,56,32,0.571429,0,0,4.285714285678921e-07
2024-01-14,24,10,0.4166666666666667,24,10,0.416667,0,0,3.3333333332441484e-07
2024-01-15,62,32,0.5161290322580645,62,32,0.516129,0,0,-3.225806455287028e-08
2024-01-16,67,41,0.6119402985074627,67,41,0.61194,0,0,-2.985074626371542e-07
2024-01-17,64,35,0.546875,64,35,0.546875,0,0,0.0
2024-01-18,63,35,0.5555555555555556,63,35,0.555556,0,0,4.4444444446956055e-07
2024-01-19,67,41,0.6119402985074627,67,41,0.61194,0,0,-2.985074626371542e-07
2024-01-20,51,31,0.6078431372549019,51,31,0.607843,0,0,-1.372549018885394e-07
2024-01-21,27,10,0.3703703703703703,27,10,0.37037,0,0,-3.703703703172856e-07
2024-01-22,56,32,0.5714285714285714,56,32,0.571429,0,0,4.285714285678921e-07
2024-01-23,74,43,0.581081081081081,74,43,0.581081,0,0,-8.108108107141021e-08
2024-01-24,66,35,0.5303030303030303,66,35,0.530303,0,0,-3.0303030307266e-08
2024-01-25,63,35,0.5555555555555556,63,35,0.555556,0,0,4.4444444446956055e-07
2024-01-26,68,40,0.5882352941176471,68,40,0.588235,0,0,-2.941176471260576e-07
2024-01-27,52,31,0.5961538461538461,52,31,0.596154,0,0,1.5384615381641709e-07
2024-01-28,31,11,0.3548387096774194,31,11,0.354839,0,0,2.903225806427656e-07
2024-01-29,60,32,0.5333333333333333,60,32,0.533333,0,0,-3.33333333379926e-07
2024-01-30,76,44,0.5789473684210527,76,44,0.578947,0,0,-3.6842105266554626e-07
2024-01-31,69,37,0.5362318840579711,69,37,0.536232,0,0,1.159420289775781e-07
2024-02-01,61,35,0.5737704918032787,61,35,0.57377,0,0,-4.918032786571658e-07
2024-02-02,69,39,0.5652173913043478,69,39,0.565217,0,0,-3.913043478132039e-07
2024-02-03,59,31,0.5254237288135594,59,31,0.525424,0,0,2.7118644063683917e-07
2024-02-04,21,10,0.4761904761904761,21,10,0.47619,0,0,-4.76190476106364e-07
2024-02-05,55,32,0.5818181818181818,55,32,0.581818,0,0,-1.81818181843596e-07
2024-02-06,61,41,0.6721311475409836,61,41,0.672131,0,0,-1.4754098354163858e-07
2024-02-07,65,35,0.5384615384615384,65,35,0.538462,0,0,4.6153846156027356e-07
2024-02-08,69,35,0.5072463768115942,69,35,0.507246,0,0,-3.7681159426039557e-07
2024-02-09,75,40,0.5333333333333333,75,40,0.533333,0,0,-3.33333333379926e-07
2024-02-10,47,31,0.6595744680851063,47,31,0.659574,0,0,-4.6808510634210876e-07
2024-02-12,9,0,0.0,9,0,0.0,0,0,0.0
2024-02-13,72,44,0.6111111111111112,72,44,0.611111,0,0,-1.1111111120065686e-07
2024-02-14,69,37,0.5362318840579711,69,37,0.536232,0,0,1.159420289775781e-07
2024-02-15,66,35,0.5303030303030303,66,35,0.530303,0,0,-3.0303030307266e-08
2024-02-16,73,39,0.5342465753424658,73,39,0.534247,0,0,4.246575342481407e-07
2024-02-17,71,31,0.4366197183098591,71,31,0.43662,0,0,2.8169014093526457e-07
2024-02-18,36,10,0.2777777777777778,36,10,0.277778,0,0,2.2222222223478028e-07
2024-02-19,54,33,0.6111111111111112,54,33,0.611111,0,0,-1.1111111120065686e-07
2024-02-20,72,41,0.5694444444444444,72,41,0.569444,0,0,-4.4444444446956055e-07
2024-02-21,70,35,0.5,70,35,0.5,0,0,0.0
2024-02-22,69,36,0.5217391304347826,69,36,0.521739,0,0,-1.3043478264140873e-07
2024-02-23,49,16,0.3265306122448979,49,16,0.326531,0,0,3.877551021380654e-07
2024-02-24,58,31,0.5344827586206896,58,31,0.534483,0,0,2.413793104283357e-07
2024-02-25,32,13,0.40625,32,13,0.40625,0,0,0.0
2024-02-26,59,32,0.5423728813559322,59,32,0.542373,0,0,1.1864406779249492e-07
2024-02-27,76,40,0.5263157894736842,76,40,0.526316,0,0,2.105263158247439e-07
2024-02-28,67,35,0.5223880597014925,67,35,0.522388,0,0,-5.970149252743084e-08
2024-02-29,75,35,0.4666666666666667,75,35,0.466667,0,0,3.3333333332441484e-07
2024-03-01,65,39,0.6,65,39,0.6,0,0,0.0
2024-03-02,60,31,0.5166666666666667,60,31,0.516667,0,0,3.333333332689037e-07
2024-03-03,23,10,0.4347826086956521,23,10,0.434783,0,0,3.9130434786871504e-07
2024-03-04,62,33,0.532258064516129,62,33,0.532258,0,0,-6.451612899471826e-08
2024-03-05,74,41,0.5540540540540541,74,41,0.554054,0,0,-5.405405401059937e-08
2024-03-06,63,35,0.5555555555555556,63,35,0.555556,0,0,4.4444444446956055e-07
2024-03-07,75,35,0.4666666666666667,74,35,0.472973,-1,0,0.006306333333333303
2024-03-08,67,39,0.582089552238806,67,39,0.58209,0,0,4.477611940112425e-07
2024-03-09,57,31,0.543859649122807,57,31,0.54386,0,0,3.5087719296722497e-07
2024-03-11,65,32,0.4923076923076923,65,32,0.492308,0,0,3.076923077438565e-07
2024-03-12,64,41,0.640625,64,41,0.640625,0,0,0.0
2024-03-13,72,34,0.4722222222222222,72,34,0.472222,0,0,-2.2222222223478028e-07
2024-03-14,68,35,0.5147058823529411,68,35,0.514706,0,0,1.176470588726275e-07
2024-03-15,77,39,0.5064935064935064,77,39,0.506494,0,0,4.935064935596145e-07
2024-03-16,63,31,0.492063492063492,63,31,0.492063,0,0,-4.920634920080325e-07
2024-03-17,35,11,0.3142857142857143,35,11,0.314286,0,0,2.857142857304318e-07
2024-03-18,60,32,0.5333333333333333,60,32,0.533333,0,0,-3.33333333379926e-07
2024-03-19,82,41,0.5,82,41,0.5,0,0,0.0
2024-03-20,49,16,0.3265306122448979,49,16,0.326531,0,0,3.877551021380654e-07
2024-03-21,77,35,0.4545454545454545,77,35,0.454545,0,0,-4.545454544979677e-07
2024-03-22,81,38,0.4691358024691358,81,38,0.469136,0,0,1.975308642210294e-07
2024-03-23,55,31,0.5636363636363636,55,31,0.563636,0,0,-3.636363635761697e-07
2024-03-24,30,12,0.4,30,12,0.4,0,0,0.0
2024-03-25,62,34,0.5483870967741935,62,34,0.548387,0,0,-9.677419354758854e-08
2024-03-26,77,40,0.5194805194805194,77,40,0.519481,0,0,4.805194805390656e-07
2024-03-27,73,35,0.4794520547945205,73,35,0.479452,0,0,-5.4794520532031044e-08
2024-03-28,83,35,0.4216867469879518,83,35,0.421687,0,0,2.5301204820138423e-07
2024-03-29,77,39,0.5064935064935064,77,39,0.506494,0,0,4.935064935596145e-07
2024-03-30,57,32,0.5614035087719298,57,32,0.561404,0,0,4.912280702207283e-07
2024-03-31,33,11,0.3333333333333333,33,11,0.333333,0,0,-3.3333333332441484e-07
2024-04-01,54,32,0.5925925925925926,54,32,0.592593,0,0,4.074074074766898e-07
2024-04-02,64,41,0.640625,64,41,0.640625,0,0,0.0
2024-04-03,66,35,0.5303030303030303,66,35,0.530303,0,0,-3.0303030307266e-08
2024-04-04,66,35,0.5303030303030303,66,35,0.530303,0,0,-3.0303030307266e-08
2024-04-05,70,39,0.5571428571428572,70,39,0.557143,0,0,1.4285714289297147e-07
2024-04-06,51,31,0.6078431372549019,51,31,0.607843,0,0,-1.372549018885394e-07
2024-04-07,23,10,0.4347826086956521,23,10,0.434783,0,0,3.9130434786871504e-07
2024-04-08,55,32,0.5818181818181818,55,32,0.581818,0,0,-1.81818181843596e-07
2024-04-09,59,41,0.6949152542372882,59,41,0.694915,0,0,-2.542372882219368e-07
2024-04-10,65,40,0.6153846153846154,65,40,0.615385,0,0,3.846153845410427e-07
2024-04-11,60,35,0.5833333333333334,60,35,0.583333,0,0,-3.33333333379926e-07
2024-04-12,61,38,0.6229508196721312,61,38,0.622951,0,0,1.803278688594645e-07
2024-04-13,51,31,0.6078431372549019,51,31,0.607843,0,0,-1.372549018885394e-07
2024-04-15,53,33,0.6226415094339622,53,33,0.622642,0,0,4.905660377918508e-07
2024-04-16,72,41,0.5694444444444444,72,41,0.569444,0,0,-4.4444444446956055e-07
2024-04-17,66,35,0.5303030303030303,66,35,0.530303,0,0,-3.0303030307266e-08
2024-04-18,58,35,0.603448275862069,58,35,0.603448,0,0,-2.7586206896579313e-07
2024-04-19,62,39,0.6290322580645161,62,39,0.629032,0,0,-2.5806451608989533e-07
2024-04-20,56,31,0.5535714285714286,56,31,0.553571,0,0,-4.285714285678921e-07
2024-04-21,35,11,0.3142857142857143,35,11,0.314286,0,0,2.857142857304318e-07
2024-04-22,52,32,0.6153846153846154,52,32,0.615385,0,0,3.846153845410427e-07
2024-04-23,65,40,0.6153846153846154,65,40,0.615385,0,0,3.846153845410427e-07
2024-04-24,64,35,0.546875,64,35,0.546875,0,0,0.0
2024-04-25,60,35,0.5833333333333334,60,35,0.583333,0,0,-3.33333333379926e-07
2024-04-26,68,40,0.5882352941176471,68,40,0.588235,0,0,-2.941176471260576e-07
2024-04-27,59,31,0.5254237288135594,59,31,0.525424,0,0,2.7118644063683917e-07
2024-04-28,32,14,0.4375,32,14,0.4375,0,0,0.0
2024-04-29,50,24,0.48,50,24,0.48,0,0,0.0
2024-04-30,63,41,0.6507936507936508,63,41,0.650794,0,0,3.4920634917057214e-07
2024-05-01,66,34,0.5151515151515151,66,34,0.515152,0,0,4.84848484916256e-07
2024-05-02,69,35,0.5072463768115942,68,35,0.514706,-1,0,0.007459623188405762
2024-05-07,63,41,0.6507936507936508,63,41,0.650794,0,0,3.4920634917057214e-07
2024-05-08,59,35,0.5932203389830508,59,35,0.59322,0,0,-3.389830508515601e-07
2024-05-09,61,36,0.5901639344262295,61,36,0.590164,0,0,6.557377052462954e-08
2024-05-10,66,39,0.5909090909090909,66,39,0.590909,0,0,-9.0909090921798e-08
2024-05-11,58,32,0.5517241379310345,58,32,0.551724,0,0,-1.3793103448289656e-07
2024-05-12,23,9,0.391304347826087,23,9,0.391304,0,0,-3.4782608698824546e-07
2024-05-13,57,33,0.5789473684210527,57,33,0.578947,0,0,-3.6842105266554626e-07
2024-05-14,69,39,0.5652173913043478,69,39,0.565217,0,0,-3.913043478132039e-07
2024-05-15,65,35,0.5384615384615384,65,35,0.538462,0,0,4.6153846156027356e-07
2024-05-16,64,35,0.546875,64,35,0.546875,0,0,0.0
2024-05-17,57,41,0.7192982456140351,57,41,0.719298,0,0,-2.4561403511036417e-07
2024-05-18,54,31,0.5740740740740741,54,31,0.574074,0,0,-7.407407409676381e-08
2024-05-19,23,10,0.4347826086956521,23,10,0.434783,0,0,3.9130434786871504e-07
2024-05-20,57,32,0.5614035087719298,57,32,0.561404,0,0,4.912280702207283e-07
2024-05-21,71,41,0.5774647887323944,71,41,0.577465,0,0,2.1126760563205949e-07
2024-05-22,60,35,0.5833333333333334,60,35,0.583333,0,0,-3.33333333379926e-07
2024-05-23,67,36,0.5373134328358209,67,36,0.537313,0,0,-4.328358208516292e-07
2024-05-24,60,40,0.6666666666666666,60,40,0.666667,0,0,3.33333333379926e-07
2024-05-25,57,32,0.5614035087719298,57,32,0.561404,0,0,4.912280702207283e-07
2024-05-26,29,11,0.3793103448275862,28,11,0.392857,-1,0,0.013546655172413824
2024-05-27,59,32,0.5423728813559322,59,32,0.542373,0,0,1.1864406779249492e-07
2024-05-28,71,41,0.5774647887323944,71,41,0.577465,0,0,2.1126760563205949e-07
2024-05-29,57,35,0.6140350877192983,57,35,0.614035,0,0,-8.771929826956182e-08
2024-05-30,64,35,0.546875,64,35,0.546875,0,0,0.0
2024-05-31,65,39,0.6,65,39,0.6,0,0,0.0
2024-06-01,54,31,0.5740740740740741,53,31,0.584906,-1,0,0.010831925925925967
2024-06-02,24,10,0.4166666666666667,24,10,0.416667,0,0,3.3333333332441484e-07
2024-06-03,45,32,0.7111111111111111,45,32,0.711111,0,0,-1.1111111108963456e-07
2024-06-04,64,40,0.625,64,40,0.625,0,0,0.0
2024-06-05,61,35,0.5737704918032787,61,35,0.57377,0,0,-4.918032786571658e-07
2024-06-06,54,35,0.6481481481481481,54,35,0.648148,0,0,-1.4814814819352762e-07
2024-06-07,59,39,0.6610169491525424,59,39,0.661017,0,0,5.084745757777398e-08
2024-06-08,60,31,0.5166666666666667,60,31,0.516667,0,0,3.333333332689037e-07
2024-06-10,55,32,0.5818181818181818,55,32,0.581818,0,0,-1.81818181843596e-07
2024-06-11,65,41,0.6307692307692307,65,41,0.630769,0,0,-2.3076923072462563e-07
2024-06-12,64,35,0.546875,64,35,0.546875,0,0,0.0
2024-06-13,69,35,0.5072463768115942,69,35,0.507246,0,0,-3.7681159426039557e-07
2024-06-14,61,39,0.639344262295082,61,39,0.639344,0,0,-2.6229508198749585e-07
2024-06-15,55,31,0.5636363636363636,55,31,0.563636,0,0,-3.636363635761697e-07
2024-06-16,22,10,0.4545454545454545,22,10,0.454545,0,0,-4.545454544979677e-07
2024-06-17,48,32,0.6666666666666666,48,32,0.666667,0,0,3.33333333379926e-07
2024-06-18,66,41,0.6212121212121212,66,41,0.621212,0,0,-1.21212121229064e-07
2024-06-19,60,34,0.5666666666666667,60,34,0.566667,0,0,3.33333333379926e-07
2024-06-20,52,35,0.6730769230769231,52,35,0.673077,0,0,7.692307690820854e-08
2024-06-21,67,40,0.5970149253731343,67,40,0.597015,0,0,7.462686568704413e-08
2024-06-22,57,31,0.543859649122807,57,31,0.54386,0,0,3.5087719296722497e-07
2024-06-23,29,12,0.4137931034482758,29,12,0.413793,0,0,-1.034482757789057e-07
2024-06-24,55,33,0.6,55,33,0.6,0,0,0.0
2024-06-25,65,41,0.6307692307692307,65,41,0.630769,0,0,-2.3076923072462563e-07
2024-06-26,64,36,0.5625,64,36,0.5625,0,0,0.0
2024-06-27,58,35,0.603448275862069,58,35,0.603448,0,0,-2.7586206896579313e-07
2024-06-28,67,39,0.582089552238806,67,39,0.58209,0,0,4.477611940112425e-07
2024-06-29,52,31,0.5961538461538461,52,31,0.596154,0,0,1.5384615381641709e-07
2024-06-30,26,10,0.3846153846153846,26,10,0.384615,0,0,-3.8461538459655387e-07
2024-07-01,52,32,0.6153846153846154,52,32,0.615385,0,0,3.846153845410427e-07
2024-07-02,64,40,0.625,64,40,0.625,0,0,0.0
2024-07-03,59,35,0.5932203389830508,59,35,0.59322,0,0,-3.389830508515601e-07
2024-07-04,58,35,0.603448275862069,58,35,0.603448,0,0,-2.7586206896579313e-07
2024-07-05,63,39,0.6190476190476191,63,39,0.619048,0,0,3.8095238097390904e-07
2024-07-06,59,31,0.5254237288135594,59,31,0.525424,0,0,2.7118644063683917e-07
2024-07-07,24,12,0.5,24,12,0.5,0,0,0.0
2024-07-08,54,32,0.5925925925925926,54,32,0.592593,0,0,4.074074074766898e-07
2024-07-09,68,40,0.5882352941176471,68,40,0.588235,0,0,-2.941176471260576e-07
2024-07-10,59,35,0.5932203389830508,59,35,0.59322,0,0,-3.389830508515601e-07
2024-07-11,60,35,0.5833333333333334,60,35,0.583333,0,0,-3.33333333379926e-07
2024-07-12,58,39,0.6724137931034483,58,39,0.672414,0,0,2.068965516688337e-07
2024-07-13,60,31,0.5166666666666667,60,31,0.516667,0,0,3.333333332689037e-07
2024-07-15,51,19,0.3725490196078431,51,19,0.372549,0,0,-1.9607843071423048e-08
2024-07-16,62,41,0.6612903225806451,62,41,0.66129,0,0,-3.225806450846136e-07
2024-07-17,58,36,0.6206896551724138,58,36,0.62069,0,0,3.4482758615173026e-07
2024-07-18,62,35,0.5645161290322581,62,35,0.564516,0,0,-1.2903225810045882e-07
2024-07-19,62,41,0.6612903225806451,62,41,0.66129,0,0,-3.225806450846136e-07
2024-07-20,53,31,0.5849056603773585,53,31,0.584906,0,0,3.3962264156528477e-07
2024-07-21,30,15,0.5,30,15,0.5,0,0,0.0
2024-07-22,56,35,0.625,56,35,0.625,0,0,0.0
2024-07-23,68,41,0.6029411764705882,68,41,0.602941,0,0,-1.764705882534301e-07
2024-07-24,58,34,0.5862068965517241,58,34,0.586207,0,0,1.0344827594543915e-07
2024-07-25,101,35,0.3465346534653465,101,35,0.346535,0,0,3.465346534725633e-07
2024-07-26,68,39,0.5735294117647058,68,39,0.573529,0,0,-4.117647058876628e-07
2024-07-27,60,31,0.5166666666666667,60,31,0.516667,0,0,3.333333332689037e-07
2024-07-28,30,11,0.3666666666666666,30,11,0.366667,0,0,3.3333333343543714e-07
2024-07-29,54,32,0.5925925925925926,54,32,0.592593,0,0,4.074074074766898e-07
2024-07-30,67,38,0.5671641791044776,67,38,0.567164,0,0,-1.7910447758229253e-07
2024-07-31,69,35,0.5072463768115942,69,35,0.507246,0,0,-3.7681159426039557e-07
2024-08-01,59,31,0.5254237288135594,59,31,0.525424,0,0,2.7118644063683917e-07
2024-08-02,64,36,0.5625,64,36,0.5625,0,0,0.0
2024-08-03,47,29,0.6170212765957447,47,29,0.617021,0,0,-2.765957446415612e-07
2024-08-04,26,12,0.4615384615384615,26,12,0.461538,0,0,-4.615384615047624e-07
2024-08-05,52,30,0.5769230769230769,52,30,0.576923,0,0,-7.692307690820854e-08
2024-08-06,71,37,0.5211267605633803,71,37,0.521127,0,0,2.394366197533415e-07
2024-08-07,71,31,0.4366197183098591,71,31,0.43662,0,0,2.8169014093526457e-07
2024-08-08,69,31,0.4492753623188406,69,31,0.449275,0,0,-3.6231884059656494e-07
2024-08-09,66,36,0.5454545454545454,66,36,0.545455,0,0,4.5454545460899e-07
2024-08-10,60,29,0.4833333333333333,60,29,0.483333,0,0,-3.333333332689037e-07
2024-08-11,31,12,0.3870967741935484,31,12,0.387097,0,0,2.2580645164804736e-07
2024-08-12,40,17,0.425,40,17,0.425,0,0,0.0
2024-08-16,61,36,0.5901639344262295,61,36,0.590164,0,0,6.557377052462954e-08
2024-08-17,49,32,0.6530612244897959,49,32,0.653061,0,0,-2.2448979586364715e-07
2024-08-18,31,11,0.3548387096774194,31,11,0.354839,0,0,2.903225806427656e-07
2024-08-19,54,30,0.5555555555555556,54,30,0.555556,0,0,4.4444444446956055e-07
2024-08-20,59,36,0.6101694915254238,59,36,0.610169,0,0,-4.915254238069267e-07
2024-08-21,59,30,0.5084745762711864,59,30,0.508475,0,0,4.237288135922057e-07
2024-08-22,62,31,0.5,62,31,0.5,0,0,0.0
2024-08-23,61,35,0.5737704918032787,61,35,0.57377,0,0,-4.918032786571658e-07
2024-08-24,52,29,0.5576923076923077,52,29,0.557692,0,0,-3.076923077438565e-07
2024-08-25,31,11,0.3548387096774194,31,11,0.354839,0,0,2.903225806427656e-07
2024-08-26,54,31,0.5740740740740741,54,31,0.574074,0,0,-7.407407409676381e-08
2024-08-27,60,36,0.6,60,36,0.6,0,0,0.0
2024-08-28,59,31,0.5254237288135594,59,31,0.525424,0,0,2.7118644063683917e-07
2024-08-29,61,31,0.5081967213114754,61,31,0.508197,0,0,2.7868852459089766e-07
2024-08-30,66,36,0.5454545454545454,66,36,0.545455,0,0,4.5454545460899e-07
2024-08-31,50,29,0.58,50,29,0.58,0,0,0.0
2024-09-01,21,10,0.4761904761904761,21,10,0.47619,0,0,-4.76190476106364e-07
2024-09-02,54,30,0.5555555555555556,54,30,0.555556,0,0,4.4444444446956055e-07
2024-09-03,56,36,0.6428571428571429,56,36,0.642857,0,0,-1.4285714289297147e-07
2024-09-04,55,31,0.5636363636363636,55,31,0.563636,0,0,-3.636363635761697e-07
2024-09-05,61,31,0.5081967213114754,61,31,0.508197,0,0,2.7868852459089766e-07
2024-09-06,61,36,0.5901639344262295,61,36,0.590164,0,0,6.557377052462954e-08
2024-09-07,50,30,0.6,50,30,0.6,0,0,0.0
2024-09-09,49,29,0.5918367346938775,49,29,0.591837,0,0,2.6530612240449614e-07
2024-09-10,66,36,0.5454545454545454,66,36,0.545455,0,0,4.5454545460899e-07
2024-09-11,64,31,0.484375,64,31,0.484375,0,0,0.0
2024-09-12,64,31,0.484375,64,31,0.484375,0,0,0.0
2024-09-13,58,36,0.6206896551724138,58,36,0.62069,0,0,3.4482758615173026e-07
2024-09-14,55,29,0.5272727272727272,55,29,0.527273,0,0,2.72727272765394e-07
2024-09-15,35,10,0.2857142857142857,35,10,0.285714,0,0,-2.8571428567492063e-07
2024-09-16,43,18,0.4186046511627907,43,18,0.418605,0,0,3.4883720928524653e-07
2024-09-17,67,37,0.5522388059701493,67,37,0.552239,0,0,1.9402985074190582e-07
2024-09-18,66,31,0.4696969696969697,66,31,0.469697,0,0,3.030303025175485e-08
2024-09-19,57,31,0.543859649122807,57,31,0.54386,0,0,3.5087719296722497e-07
2024-09-20,63,36,0.5714285714285714,63,36,0.571429,0,0,4.285714285678921e-07
2024-09-21,50,30,0.6,50,30,0.6,0,0,0.0
2024-09-22,26,12,0.4615384615384615,26,12,0.461538,0,0,-4.615384615047624e-07
2024-09-23,47,17,0.3617021276595745,47,17,0.361702,0,0,-1.276595744670317e-07
2024-09-24,63,36,0.5714285714285714,63,36,0.571429,0,0,4.285714285678921e-07
2024-09-25,67,31,0.4626865671641791,67,31,0.462687,0,0,4.3283582090714035e-07
2024-09-26,71,31,0.4366197183098591,71,31,0.43662,0,0,2.8169014093526457e-07
2024-09-27,66,37,0.5606060606060606,66,37,0.560606,0,0,-6.06060605035097e-08
2024-09-28,51,30,0.5882352941176471,51,30,0.588235,0,0,-2.941176471260576e-07
2024-09-29,29,14,0.4827586206896552,29,14,0.482759,0,0,3.7931034480021e-07
2024-09-30,64,32,0.5,64,32,0.5,0,0,0.0
2024-10-01,65,39,0.6,65,39,0.6,0,0,0.0
2024-10-02,51,31,0.6078431372549019,51,31,0.607843,0,0,-1.372549018885394e-07
2024-10-03,55,31,0.5636363636363636,55,31,0.563636,0,0,-3.636363635761697e-07
2024-10-04,60,36,0.6,60,36,0.6,0,0,0.0
2024-10-05,47,29,0.6170212765957447,47,29,0.617021,0,0,-2.765957446415612e-07
2024-10-06,25,11,0.44,25,11,0.44,0,0,0.0
2024-10-07,51,30,0.5882352941176471,51,30,0.588235,0,0,-2.941176471260576e-07
2024-10-08,57,37,0.6491228070175439,57,37,0.649123,0,0,1.9298245612642262e-07
2024-10-09,48,32,0.6666666666666666,48,32,0.666667,0,0,3.33333333379926e-07
2024-10-10,57,31,0.543859649122807,57,31,0.54386,0,0,3.5087719296722497e-07
2024-10-11,54,36,0.6666666666666666,54,36,0.666667,0,0,3.33333333379926e-07
2024-10-12,51,29,0.5686274509803921,51,29,0.568627,0,0,-4.509803921415312e-07
2024-10-14,48,21,0.4375,48,21,0.4375,0,0,0.0
2024-10-15,63,37,0.5873015873015873,63,37,0.587302,0,0,4.1269841266622365e-07
2024-10-16,61,31,0.5081967213114754,61,31,0.508197,0,0,2.7868852459089766e-07
2024-10-17,61,31,0.5081967213114754,61,31,0.508197,0,0,2.7868852459089766e-07
2024-10-18,64,36,0.5625,64,36,0.5625,0,0,0.0
2024-10-19,58,29,0.5,58,29,0.5,0,0,0.0
2024-10-20,29,13,0.4482758620689655,29,13,0.448276,0,0,1.3793103448289656e-07
2024-10-21,52,29,0.5576923076923077,52,29,0.557692,0,0,-3.076923077438565e-07
2024-10-22,60,38,0.6333333333333333,60,38,0.633333,0,0,-3.333333332689037e-07
2024-10-23,56,30,0.5357142857142857,56,30,0.535714,0,0,-2.8571428567492063e-07
2024-10-24,57,32,0.5614035087719298,57,32,0.561404,0,0,4.912280702207283e-07
2024-10-25,67,38,0.5671641791044776,67,38,0.567164,0,0,-1.7910447758229253e-07
2024-10-26,50,30,0.6,50,30,0.6,0,0,0.0
2024-10-27,28,10,0.3571428571428571,28,10,0.357143,0,0,1.4285714289297147e-07
2024-10-28,54,31,0.5740740740740741,54,31,0.574074,0,0,-7.407407409676381e-08
2024-10-29,68,39,0.5735294117647058,68,39,0.573529,0,0,-4.117647058876628e-07
2024-10-30,62,34,0.5483870967741935,62,34,0.548387,0,0,-9.677419354758854e-08
2024-10-31,62,33,0.532258064516129,62,33,0.532258,0,0,-6.451612899471826e-08
2024-11-01,60,36,0.6,60,36,0.6,0,0,0.0
2024-11-02,48,29,0.6041666666666666,48,29,0.604167,0,0,3.33333333379926e-07
2024-11-03,37,17,0.4594594594594595,37,17,0.459459,0,0,-4.5945945947867273e-07
2024-11-04,40,17,0.425,40,17,0.425,0,0,0.0
2024-11-05,66,38,0.5757575757575758,66,38,0.575758,0,0,4.242424241907017e-07
2024-11-06,53,31,0.5849056603773585,53,31,0.584906,0,0,3.3962264156528477e-07
2024-11-07,55,33,0.6,55,33,0.6,0,0,0.0
2024-11-08,65,36,0.5538461538461539,65,36,0.553846,0,0,-1.538461539274394e-07
2024-11-09,56,32,0.5714285714285714,56,32,0.571429,0,0,4.285714285678921e-07
2024-11-11,56,32,0.5714285714285714,56,32,0.571429,0,0,4.285714285678921e-07
2024-11-12,64,43,0.671875,64,43,0.671875,0,0,0.0
2024-11-13,55,32,0.5818181818181818,55,32,0.581818,0,0,-1.81818181843596e-07
2024-11-14,59,34,0.576271186440678,59,34,0.576271,0,0,-1.8644067800721587e-07
2024-11-15,61,36,0.5901639344262295,61,36,0.590164,0,0,6.557377052462954e-08
2024-11-16,55,31,0.5636363636363636,55,31,0.563636,0,0,-3.636363635761697e-07
2024-11-17,28,13,0.4642857142857143,28,13,0.464286,0,0,2.8571428567492063e-07
2024-11-18,49,36,0.7346938775510204,49,36,0.734694,0,0,1.2244897951152467e-07
2024-11-19,70,47,0.6714285714285714,70,47,0.671429,0,0,4.285714286789144e-07
2024-11-20,58,38,0.6551724137931034,58,38,0.655172,0,0,-4.137931034486897e-07
2024-11-21,57,35,0.6140350877192983,57,35,0.614035,0,0,-8.771929826956182e-08
2024-11-22,63,41,0.6507936507936508,63,41,0.650794,0,0,3.4920634917057214e-07
2024-11-23,43,30,0.6976744186046512,43,30,0.697674,0,0,-4.186046511645003e-07
2024-11-24,23,14,0.6086956521739131,23,14,0.608696,0,0,3.478260869327343e-07
2024-11-25,53,33,0.6226415094339622,53,33,0.622642,0,0,4.905660377918508e-07
2024-11-26,61,42,0.6885245901639344,61,42,0.688525,0,0,4.0983606564015673e-07
2024-11-27,55,33,0.6,55,33,0.6,0,0,0.0
2024-11-28,52,34,0.6538461538461539,52,34,0.653846,0,0,-1.5384615381641709e-07
2024-11-29,60,39,0.65,60,39,0.65,0,0,0.0
2024-11-30,51,31,0.6078431372549019,51,31,0.607843,0,0,-1.372549018885394e-07
2024-12-01,30,13,0.4333333333333333,30,13,0.433333,0,0,-3.333333332689037e-07
2024-12-02,54,30,0.5555555555555556,54,30,0.555556,0,0,4.4444444446956055e-07
2024-12-03,67,41,0.6119402985074627,67,41,0.61194,0,0,-2.985074626371542e-07
2024-12-04,56,33,0.5892857142857143,56,33,0.589286,0,0,2.8571428567492063e-07
2024-12-05,56,35,0.625,56,35,0.625,0,0,0.0
2024-12-06,59,37,0.6271186440677966,59,37,0.627119,0,0,3.5593220337748477e-07
2024-12-07,49,32,0.6530612244897959,49,32,0.653061,0,0,-2.2448979586364715e-07
2024-12-08,31,14,0.4516129032258064,31,14,0.451613,0,0,9.677419360309969e-08
2024-12-09,54,32,0.5925925925925926,54,32,0.592593,0,0,4.074074074766898e-07
2024-12-10,60,42,0.7,60,42,0.7,0,0,0.0
2024-12-11,63,35,0.5555555555555556,63,35,0.555556,0,0,4.4444444446956055e-07
2024-12-12,64,41,0.640625,64,41,0.640625,0,0,0.0
2024-12-13,62,40,0.6451612903225806,62,40,0.645161,0,0,-2.903225806427656e-07
2024-12-14,56,34,0.6071428571428571,56,34,0.607143,0,0,1.4285714289297147e-07
2024-12-15,25,12,0.48,25,12,0.48,0,0,0.0
2024-12-16,62,30,0.4838709677419355,62,30,0.483871,0,0,3.225806449735913e-08
2024-12-17,75,44,0.5866666666666667,75,44,0.586667,0,0,3.33333333379926e-07
2024-12-18,59,35,0.5932203389830508,59,35,0.59322,0,0,-3.389830508515601e-07
2024-12-19,67,38,0.5671641791044776,67,38,0.567164,0,0,-1.7910447758229253e-07
2024-12-20,58,40,0.6896551724137931,58,40,0.689655,0,0,-1.7241379313137628e-07
2024-12-21,52,31,0.5961538461538461,52,31,0.596154,0,0,1.5384615381641709e-07
2024-12-22,32,15,0.46875,32,15,0.46875,0,0,0.0
2024-12-23,58,30,0.5172413793103449,58,30,0.517241,0,0,-3.793103449112323e-07
2024-12-24,72,47,0.6527777777777778,72,47,0.652778,0,0,2.2222222217926912e-07
2024-12-25,79,42,0.5316455696202531,79,42,0.531646,0,0,4.3037974684079217e-07
2024-12-26,70,38,0.5428571428571428,70,38,0.542857,0,0,-1.4285714278194916e-07
2024-12-27,81,51,0.6296296296296297,81,51,0.62963,0,0,3.7037037037279674e-07
2024-12-28,73,41,0.5616438356164384,73,41,0.561644,0,0,1.6438356165160428e-07
2025-01-06,45,31,0.6888888888888889,45,31,0.688889,0,0,1.1111111108963456e-07
2025-01-07,56,46,0.8214285714285714,56,46,0.821429,0,0,4.285714285678921e-07
2025-01-08,58,43,0.7413793103448276,58,43,0.741379,0,0,-3.1034482761427284e-07
2025-01-09,54,38,0.7037037037037037,54,38,0.703704,0,0,2.9629629627603293e-07
2025-01-10,58,42,0.7241379310344828,58,42,0.724138,0,0,6.896551718593713e-08
2025-01-11,51,40,0.7843137254901961,51,40,0.784314,0,0,2.745098038881011e-07
2025-01-12,22,12,0.5454545454545454,22,12,0.545455,0,0,4.5454545460899e-07
2025-01-13,43,23,0.5348837209302325,42,23,0.547619,-1,0,0.012735279069767458
2025-01-14,51,40,0.7843137254901961,51,40,0.784314,0,0,2.745098038881011e-07
2025-01-15,55,39,0.7090909090909091,55,39,0.709091,0,0,9.0909090921798e-08
2025-01-16,58,41,0.7068965517241379,58,41,0.706897,0,0,4.482758620971694e-07
2025-01-17,57,40,0.7017543859649122,57,40,0.701754,0,0,-3.8596491225284524e-07
2025-01-18,48,31,0.6458333333333334,48,31,0.645833,0,0,-3.33333333379926e-07
2025-01-19,31,19,0.6129032258064516,31,19,0.612903,0,0,-2.2580645164804736e-07
2025-01-20,49,34,0.6938775510204082,49,34,0.693878,0,0,4.489795918383166e-07
2025-01-21,62,42,0.6774193548387096,62,42,0.677419,0,0,-3.5483870963748387e-07
2025-01-22,56,43,0.7678571428571429,56,43,0.767857,0,0,-1.4285714289297147e-07
2025-01-23,56,38,0.6785714285714286,56,38,0.678571,0,0,-4.285714285678921e-07
2025-01-24,54,42,0.7777777777777778,54,42,0.777778,0,0,2.2222222217926912e-07
2025-01-25,54,35,0.6481481481481481,54,35,0.648148,0,0,-1.4814814819352762e-07
2025-01-26,26,14,0.5384615384615384,26,14,0.538462,0,0,4.6153846156027356e-07
2025-01-27,51,37,0.7254901960784313,51,37,0.72549,0,0,-1.960784313803643e-07
2025-01-28,56,45,0.8035714285714286,56,45,0.803571,0,0,-4.285714285678921e-07
2025-01-29,58,41,0.7068965517241379,58,41,0.706897,0,0,4.482758620971694e-07
2025-01-30,59,38,0.6440677966101694,59,38,0.644068,0,0,2.0338983053314053e-07
2025-01-31,59,38,0.6440677966101694,59,38,0.644068,0,0,2.0338983053314053e-07
2025-02-01,46,31,0.6739130434782609,46,31,0.673913,0,0,-4.347826088046958e-08
2025-02-02,23,11,0.4782608695652174,23,11,0.478261,0,0,1.3043478258589758e-07
2025-02-03,48,33,0.6875,48,33,0.6875,0,0,0.0
2025-02-04,61,43,0.7049180327868853,61,43,0.704918,0,0,-3.278688520680362e-08
2025-02-05,51,36,0.7058823529411765,51,36,0.705882,0,0,-3.529411765068602e-07
2025-02-06,56,33,0.5892857142857143,56,33,0.589286,0,0,2.8571428567492063e-07
2025-02-07,51,39,0.7647058823529411,51,39,0.764706,0,0,1.176470588726275e-07
2025-02-08,50,30,0.6,50,30,0.6,0,0,0.0
2025-02-09,24,11,0.4583333333333333,24,11,0.458333,0,0,-3.3333333332441484e-07
2025-02-10,50,37,0.74,50,37,0.74,0,0,0.0
2025-02-11,40,22,0.55,40,22,0.55,0,0,0.0
2025-02-12,50,35,0.7,50,35,0.7,0,0,0.0
2025-02-13,65,40,0.6153846153846154,65,40,0.615385,0,0,3.846153845410427e-07
2025-02-14,55,43,0.7818181818181819,55,43,0.781818,0,0,-1.81818181843596e-07
2025-02-15,49,41,0.8367346938775511,49,41,0.836735,0,0,3.0612244894534513e-07
2025-02-16,33,22,0.6666666666666666,33,22,0.666667,0,0,3.33333333379926e-07
2025-02-17,61,33,0.5409836065573771,61,33,0.540984,0,0,3.934426229257326e-07
2025-02-18,67,42,0.6268656716417911,67,42,0.626866,0,0,3.283582089563808e-07
2025-02-19,55,37,0.6727272727272727,55,37,0.672727,0,0,-2.72727272765394e-07
2025-02-20,58,38,0.6551724137931034,58,38,0.655172,0,0,-4.137931034486897e-07
2025-02-21,64,44,0.6875,64,44,0.6875,0,0,0.0
2025-02-22,46,31,0.6739130434782609,46,31,0.673913,0,0,-4.347826088046958e-08
2025-02-23,32,19,0.59375,32,19,0.59375,0,0,0.0
2025-02-24,49,26,0.5306122448979592,49,26,0.530612,0,0,-2.4489795924509394e-07
2025-02-25,63,44,0.6984126984126984,63,44,0.698413,0,0,3.015873015765891e-07
2025-02-26,62,36,0.5806451612903226,62,36,0.580645,0,0,-1.612903226533291e-07
2025-02-27,70,39,0.5571428571428572,70,39,0.557143,0,0,1.4285714289297147e-07
2025-02-28,67,39,0.582089552238806,67,39,0.58209,0,0,4.477611940112425e-07
2025-03-01,47,30,0.6382978723404256,47,30,0.638298,0,0,1.276595744670317e-07
2025-03-02,33,19,0.5757575757575758,33,19,0.575758,0,0,4.242424241907017e-07
2025-03-03,57,32,0.5614035087719298,57,32,0.561404,0,0,4.912280702207283e-07
2025-03-04,62,43,0.6935483870967742,62,43,0.693548,0,0,-3.8709677419035415e-07
2025-03-05,54,33,0.6111111111111112,54,33,0.611111,0,0,-1.1111111120065686e-07
2025-03-06,62,40,0.6451612903225806,62,40,0.645161,0,0,-2.903225806427656e-07
2025-03-07,71,44,0.6197183098591549,71,44,0.619718,0,0,-3.0985915489001314e-07
2025-03-08,57,37,0.6491228070175439,57,37,0.649123,0,0,1.9298245612642262e-07
2025-03-10,60,34,0.5666666666666667,60,34,0.566667,0,0,3.33333333379926e-07
2025-03-11,62,44,0.7096774193548387,62,44,0.709677,0,0,-4.1935483874322443e-07
2025-03-12,62,38,0.6129032258064516,62,38,0.612903,0,0,-2.2580645164804736e-07
2025-03-13,63,41,0.6507936507936508,63,41,0.650794,0,0,3.4920634917057214e-07
2025-03-14,69,46,0.6666666666666666,69,46,0.666667,0,0,3.33333333379926e-07
2025-03-15,49,32,0.6530612244897959,49,32,0.653061,0,0,-2.2448979586364715e-07
2025-03-16,31,18,0.5806451612903226,31,18,0.580645,0,0,-1.612903226533291e-07
2025-03-17,54,31,0.5740740740740741,54,31,0.574074,0,0,-7.407407409676381e-08
2025-03-18,65,46,0.7076923076923077,65,46,0.707692,0,0,-3.076923077438565e-07
2025-03-19,70,40,0.5714285714285714,70,40,0.571429,0,0,4.285714285678921e-07
2025-03-20,45,25,0.5555555555555556,45,25,0.555556,0,0,4.4444444446956055e-07
2025-03-21,75,48,0.64,75,48,0.64,0,0,0.0
2025-03-22,54,38,0.7037037037037037,54,38,0.703704,0,0,2.9629629627603293e-07
2025-03-23,32,17,0.53125,32,17,0.53125,0,0,0.0
2025-03-24,60,32,0.5333333333333333,60,32,0.533333,0,0,-3.33333333379926e-07
2025-03-25,71,50,0.704225352112676,71,50,0.704225,0,0,-3.5211267601642504e-07
2025-03-26,57,34,0.5964912280701754,57,34,0.596491,0,0,-2.2807017541204289e-07
2025-03-27,56,39,0.6964285714285714,56,39,0.696429,0,0,4.285714285678921e-07
2025-03-28,70,45,0.6428571428571429,70,45,0.642857,0,0,-1.4285714289297147e-07
2025-03-29,51,35,0.6862745098039216,51,35,0.686275,0,0,4.901960783953996e-07
2025-03-30,31,15,0.4838709677419355,31,15,0.483871,0,0,3.225806449735913e-08
2025-03-31,58,39,0.6724137931034483,58,39,0.672414,0,0,2.068965516688337e-07
2025-04-01,61,42,0.6885245901639344,61,42,0.688525,0,0,4.0983606564015673e-07
2025-04-02,66,36,0.5454545454545454,66,36,0.545455,0,0,4.5454545460899e-07
2025-04-03,57,37,0.6491228070175439,57,37,0.649123,0,0,1.9298245612642262e-07
2025-04-04,64,45,0.703125,64,45,0.703125,0,0,0.0
2025-04-05,48,33,0.6875,48,33,0.6875,0,0,0.0
2025-04-06,29,16,0.5517241379310345,29,16,0.551724,0,0,-1.3793103448289656e-07
2025-04-07,54,37,0.6851851851851852,54,37,0.685185,0,0,-1.8518518518639837e-07
2025-04-08,58,46,0.7931034482758621,58,46,0.793103,0,0,-4.482758620971694e-07
2025-04-09,60,33,0.55,60,33,0.55,0,0,0.0
2025-04-10,60,40,0.6666666666666666,60,40,0.666667,0,0,3.33333333379926e-07
2025-04-11,59,40,0.6779661016949152,59,40,0.677966,0,0,-1.0169491526657026e-07
2025-04-12,48,34,0.7083333333333334,48,34,0.708333,0,0,-3.33333333379926e-07
2025-04-14,58,31,0.5344827586206896,58,31,0.534483,0,0,2.413793104283357e-07
2025-04-15,65,41,0.6307692307692307,65,41,0.630769,0,0,-2.3076923072462563e-07
2025-04-16,64,39,0.609375,64,39,0.609375,0,0,0.0
2025-04-17,62,36,0.5806451612903226,62,36,0.580645,0,0,-1.612903226533291e-07
2025-04-18,66,40,0.6060606060606061,66,40,0.606061,0,0,3.939393938834357e-07
2025-04-19,50,30,0.6,50,30,0.6,0,0,0.0
2025-04-20,30,16,0.5333333333333333,30,16,0.533333,0,0,-3.33333333379926e-07
2025-04-21,58,37,0.6379310344827587,58,37,0.637931,0,0,-3.4482758648479717e-08
2025-04-22,68,41,0.6029411764705882,68,41,0.602941,0,0,-1.764705882534301e-07
2025-04-23,60,34,0.5666666666666667,60,34,0.566667,0,0,3.33333333379926e-07
2025-04-24,60,40,0.6666666666666666,60,40,0.666667,0,0,3.33333333379926e-07
2025-04-25,66,41,0.6212121212121212,66,41,0.621212,0,0,-1.21212121229064e-07
2025-04-26,52,32,0.6153846153846154,52,32,0.615385,0,0,3.846153845410427e-07
2025-04-27,27,14,0.5185185185185185,27,14,0.518519,0,0,4.814814814624313e-07
2025-04-28,56,33,0.5892857142857143,56,33,0.589286,0,0,2.8571428567492063e-07
2025-04-29,52,25,0.4807692307692308,52,25,0.480769,0,0,-2.3076923078013678e-07
2025-04-30,57,40,0.7017543859649122,57,40,0.701754,0,0,-3.8596491225284524e-07
2025-05-01,60,42,0.7,60,42,0.7,0,0,0.0
2025-05-02,71,45,0.6338028169014085,71,45,0.633803,0,0,1.8309859151077745e-07
2025-05-07,64,42,0.65625,64,42,0.65625,0,0,0.0
2025-05-08,60,38,0.6333333333333333,60,38,0.633333,0,0,-3.333333332689037e-07
2025-05-09,66,49,0.7424242424242424,66,49,0.742424,0,0,-2.42424242458128e-07
2025-05-10,48,33,0.6875,48,33,0.6875,0,0,0.0
2025-05-11,27,16,0.5925925925925926,27,16,0.592593,0,0,4.074074074766898e-07
2025-05-12,52,34,0.6538461538461539,52,34,0.653846,0,0,-1.5384615381641709e-07
2025-05-13,67,46,0.6865671641791045,67,46,0.686567,0,0,-1.6417910442267925e-07
2025-05-14,59,37,0.6271186440677966,59,37,0.627119,0,0,3.5593220337748477e-07
2025-05-15,54,40,0.7407407407407407,54,40,0.740741,0,0,2.592592592831622e-07
2025-05-16,64,50,0.78125,64,50,0.78125,0,0,0.0
2025-05-17,50,35,0.7,50,35,0.7,0,0,0.0
2025-05-18,31,15,0.4838709677419355,31,15,0.483871,0,0,3.225806449735913e-08
2025-05-19,55,36,0.6545454545454545,55,36,0.654545,0,0,-4.545454544979677e-07
2025-05-20,62,44,0.7096774193548387,62,44,0.709677,0,0,-4.1935483874322443e-07
2025-05-21,59,40,0.6779661016949152,59,40,0.677966,0,0,-1.0169491526657026e-07
2025-05-22,61,37,0.6065573770491803,61,37,0.606557,0,0,-3.770491803223308e-07
2025-05-23,58,42,0.7241379310344828,58,42,0.724138,0,0,6.896551718593713e-08
2025-05-24,56,36,0.6428571428571429,56,36,0.642857,0,0,-1.4285714289297147e-07
2025-05-25,31,16,0.5161290322580645,31,16,0.516129,0,0,-3.225806455287028e-08
2025-05-26,53,34,0.6415094339622641,53,34,0.641509,0,0,-4.339622641236218e-07
2025-05-27,64,50,0.78125,64,50,0.78125,0,0,0.0
2025-05-28,51,36,0.7058823529411765,51,36,0.705882,0,0,-3.529411765068602e-07
2025-05-29,61,44,0.7213114754098361,61,44,0.721311,0,0,-4.7540983605376397e-07
2025-05-30,60,44,0.7333333333333333,60,44,0.733333,0,0,-3.333333332689037e-07
2025-05-31,48,36,0.75,48,36,0.75,0,0,0.0
2025-06-01,25,15,0.6,25,15,0.6,0,0,0.0
2025-06-02,43,29,0.6744186046511628,43,29,0.674419,0,0,3.9534883722325276e-07
2025-06-03,63,38,0.6031746031746031,63,38,0.603175,0,0,3.968253968755775e-07
2025-06-04,57,30,0.5263157894736842,57,30,0.526316,0,0,2.105263158247439e-07
2025-06-05,56,32,0.5714285714285714,56,32,0.571429,0,0,4.285714285678921e-07
2025-06-06,58,34,0.5862068965517241,58,34,0.586207,0,0,1.0344827594543915e-07
2025-06-07,46,32,0.6956521739130435,46,32,0.695652,0,0,-1.73913043410856e-07
2025-06-09,51,28,0.5490196078431373,51,28,0.54902,0,0,3.921568626497063e-07
2025-06-10,60,35,0.5833333333333334,60,35,0.583333,0,0,-3.33333333379926e-07
2025-06-11,53,30,0.5660377358490566,53,30,0.566038,0,0,2.6415094345200174e-07
2025-06-12,66,36,0.5454545454545454,66,36,0.545455,0,0,4.5454545460899e-07
2025-06-13,63,35,0.5555555555555556,63,35,0.555556,0,0,4.4444444446956055e-07
2025-06-14,57,33,0.5789473684210527,57,33,0.578947,0,0,-3.6842105266554626e-07
2025-06-15,23,14,0.6086956521739131,23,14,0.608696,0,0,3.478260869327343e-07
2025-06-16,46,28,0.6086956521739131,46,28,0.608696,0,0,3.478260869327343e-07
2025-06-17,62,34,0.5483870967741935,62,34,0.548387,0,0,-9.677419354758854e-08
2025-06-18,59,31,0.5254237288135594,59,31,0.525424,0,0,2.7118644063683917e-07
2025-06-19,58,33,0.5689655172413793,58,33,0.568966,0,0,4.827586206346268e-07
2025-06-20,62,37,0.5967741935483871,62,37,0.596774,0,0,-1.9354838709517708e-07
2025-06-21,53,32,0.6037735849056604,53,32,0.603774,0,0,4.150943396785678e-07
2025-06-22,22,15,0.6818181818181818,22,15,0.681818,0,0,-1.818181817325737e-07
2025-06-23,54,30,0.5555555555555556,54,30,0.555556,0,0,4.4444444446956055e-07
2025-06-24,70,34,0.4857142857142857,70,34,0.485714,0,0,-2.857142857304318e-07
2025-06-25,59,31,0.5254237288135594,59,31,0.525424,0,0,2.7118644063683917e-07
2025-06-26,66,33,0.5,66,33,0.5,0,0,0.0
2025-06-27,62,35,0.5645161290322581,62,35,0.564516,0,0,-1.2903225810045882e-07
2025-06-28,52,30,0.5769230769230769,52,30,0.576923,0,0,-7.692307690820854e-08
2025-06-29,28,15,0.5357142857142857,28,15,0.535714,0,0,-2.8571428567492063e-07
2025-06-30,49,30,0.6122448979591837,49,30,0.612245,0,0,1.0204081635212248e-07
2025-07-01,61,35,0.5737704918032787,61,35,0.57377,0,0,-4.918032786571658e-07
2025-07-02,46,31,0.6739130434782609,46,31,0.673913,0,0,-4.347826088046958e-08
2025-07-03,60,33,0.55,60,33,0.55,0,0,0.0
2025-07-04,54,35,0.6481481481481481,54,35,0.648148,0,0,-1.4814814819352762e-07
2025-07-05,45,31,0.6888888888888889,45,31,0.688889,0,0,1.1111111108963456e-07
2025-07-06,25,14,0.56,25,14,0.56,0,0,0.0
2025-07-07,50,28,0.56,50,28,0.56,0,0,0.0
2025-07-08,65,36,0.5538461538461539,65,36,0.553846,0,0,-1.538461539274394e-07
2025-07-09,53,32,0.6037735849056604,53,32,0.603774,0,0,4.150943396785678e-07
2025-07-10,52,33,0.6346153846153846,52,33,0.634615,0,0,-3.846153845410427e-07
2025-07-11,58,36,0.6206896551724138,58,36,0.62069,0,0,3.4482758615173026e-07
2025-07-12,44,31,0.7045454545454546,44,31,0.704545,0,0,-4.5454545460899e-07
2025-07-14,51,30,0.5882352941176471,51,30,0.588235,0,0,-2.941176471260576e-07
2025-07-15,61,36,0.5901639344262295,61,36,0.590164,0,0,6.557377052462954e-08
2025-07-16,50,29,0.58,50,29,0.58,0,0,0.0
2025-07-17,68,34,0.5,68,34,0.5,0,0,0.0
2025-07-18,58,37,0.6379310344827587,58,37,0.637931,0,0,-3.4482758648479717e-08
2025-07-19,53,32,0.6037735849056604,53,32,0.603774,0,0,4.150943396785678e-07
2025-07-20,27,15,0.5555555555555556,27,15,0.555556,0,0,4.4444444446956055e-07
2025-07-21,41,26,0.6341463414634146,41,26,0.634146,0,0,-3.414634146547968e-07
2025-07-22,50,24,0.48,50,24,0.48,0,0,0.0
2025-07-23,55,30,0.5454545454545454,55,30,0.545455,0,0,4.5454545460899e-07
2025-07-24,58,33,0.5689655172413793,58,33,0.568966,0,0,4.827586206346268e-07
2025-07-25,59,34,0.576271186440678,59,34,0.576271,0,0,-1.8644067800721587e-07
2025-07-26,53,32,0.6037735849056604,53,32,0.603774,0,0,4.150943396785678e-07
2025-07-27,26,17,0.6538461538461539,26,17,0.653846,0,0,-1.5384615381641709e-07
2025-07-28,51,28,0.5490196078431373,51,28,0.54902,0,0,3.921568626497063e-07
2025-07-29,61,35,0.5737704918032787,61,35,0.57377,0,0,-4.918032786571658e-07
2025-07-30,62,32,0.5161290322580645,62,32,0.516129,0,0,-3.225806455287028e-08
2025-07-31,61,33,0.5409836065573771,61,33,0.540984,0,0,3.934426229257326e-07
2025-08-01,65,34,0.5230769230769231,65,34,0.523077,0,0,7.692307690820854e-08
2025-08-02,48,30,0.625,48,30,0.625,0,0,0.0
2025-08-03,25,14,0.56,25,14,0.56,0,0,0.0
2025-08-04,54,29,0.5370370370370371,54,29,0.537037,0,0,-3.7037037103893056e-08
2025-08-05,69,36,0.5217391304347826,69,36,0.521739,0,0,-1.3043478264140873e-07
2025-08-06,56,30,0.5357142857142857,56,30,0.535714,0,0,-2.8571428567492063e-07
2025-08-07,62,34,0.5483870967741935,62,34,0.548387,0,0,-9.677419354758854e-08
2025-08-08,71,37,0.5211267605633803,71,37,0.521127,0,0,2.394366197533415e-07
2025-08-09,58,32,0.5517241379310345,58,32,0.551724,0,0,-1.3793103448289656e-07
2025-08-10,21,12,0.5714285714285714,21,12,0.571429,0,0,4.285714285678921e-07
2025-08-11,45,24,0.5333333333333333,45,24,0.533333,0,0,-3.33333333379926e-07
2025-08-12,71,37,0.5211267605633803,71,37,0.521127,0,0,2.394366197533415e-07
2025-08-18,55,30,0.5454545454545454,55,30,0.545455,0,0,4.5454545460899e-07
2025-08-19,72,37,0.5138888888888888,72,37,0.513889,0,0,1.1111111120065686e-07
2025-08-20,67,32,0.4776119402985074,67,32,0.477612,0,0,5.9701492582942e-08
2025-08-21,66,33,0.5,66,33,0.5,0,0,0.0
2025-08-22,63,34,0.5396825396825397,63,34,0.539683,0,0,4.60317460371229e-07
2025-08-23,49,30,0.6122448979591837,49,30,0.612245,0,0,1.0204081635212248e-07
2025-08-24,32,15,0.46875,32,15,0.46875,0,0,0.0
2025-08-25,53,30,0.5660377358490566,53,30,0.566038,0,0,2.6415094345200174e-07
2025-08-26,68,36,0.5294117647058824,68,36,0.529412,0,0,2.352941176342327e-07
2025-08-27,54,28,0.5185185185185185,54,28,0.518519,0,0,4.814814814624313e-07
2025-08-28,63,32,0.5079365079365079,63,32,0.507937,0,0,4.920634920635436e-07
2025-08-29,63,37,0.5873015873015873,63,37,0.587302,0,0,4.1269841266622365e-07
2025-08-30,52,32,0.6153846153846154,52,32,0.615385,0,0,3.846153845410427e-07
2025-08-31,21,13,0.6190476190476191,21,13,0.619048,0,0,3.8095238097390904e-07
2025-09-01,51,21,0.4117647058823529,51,21,0.411765,0,0,2.9411764707054644e-07
2025-09-02,74,27,0.3648648648648648,74,27,0.364865,0,0,1.3513513519303189e-07
2025-09-03,47,22,0.4680851063829787,47,22,0.468085,0,0,-1.0638297870402269e-07
2025-09-04,57,24,0.4210526315789473,57,24,0.421053,0,0,3.684210527210574e-07
2025-09-05,57,25,0.4385964912280701,57,25,0.438596,0,0,-4.91228070109706e-07
2025-09-06,46,22,0.4782608695652174,46,22,0.478261,0,0,1.3043478258589758e-07
2025-09-07,25,9,0.36,25,9,0.36,0,0,0.0
2025-09-08,48,21,0.4375,48,21,0.4375,0,0,0.0
2025-09-09,69,27,0.391304347826087,69,27,0.391304,0,0,-3.4782608698824546e-07
2025-09-10,60,23,0.3833333333333333,60,23,0.383333,0,0,-3.3333333332441484e-07
2025-09-11,57,24,0.4210526315789473,57,24,0.421053,0,0,3.684210527210574e-07
2025-09-12,62,25,0.4032258064516129,62,25,0.403226,0,0,1.9354838709517708e-07
2025-09-13,52,22,0.4230769230769231,52,22,0.423077,0,0,7.692307690820854e-08
2025-09-15,42,14,0.3333333333333333,42,14,0.333333,0,0,-3.3333333332441484e-07
2025-09-16,72,27,0.375,72,27,0.375,0,0,0.0
2025-09-17,59,22,0.3728813559322034,59,22,0.372881,0,0,-3.5593220337748477e-07
2025-09-18,58,24,0.4137931034482758,58,24,0.413793,0,0,-1.034482757789057e-07
2025-09-19,62,25,0.4032258064516129,62,25,0.403226,0,0,1.9354838709517708e-07
2025-09-20,48,22,0.4583333333333333,48,22,0.458333,0,0,-3.3333333332441484e-07
2025-09-21,25,9,0.36,25,9,0.36,0,0,0.0
2025-09-22,52,21,0.4038461538461538,52,21,0.403846,0,0,-1.5384615381641709e-07
2025-09-23,43,16,0.3720930232558139,43,16,0.372093,0,0,-2.3255813885736387e-08
2025-09-24,61,22,0.360655737704918,61,22,0.360656,0,0,2.6229508198749585e-07
2025-09-25,63,25,0.3968253968253968,63,25,0.396825,0,0,-3.9682539682006635e-07
2025-09-26,67,25,0.373134328358209,67,25,0.373134,0,0,-3.283582089563808e-07
2025-09-27,58,22,0.3793103448275862,58,22,0.37931,0,0,-3.448275862072414e-07
2025-09-28,25,8,0.32,25,8,0.32,0,0,0.0
2025-09-29,49,21,0.4285714285714285,49,21,0.428571,0,0,-4.2857142851238095e-07
2025-09-30,64,27,0.421875,64,27,0.421875,0,0,0.0
2025-10-01,54,23,0.4259259259259259,54,23,0.425926,0,0,7.407407415227496e-08
2025-10-02,57,25,0.4385964912280701,57,25,0.438596,0,0,-4.91228070109706e-07
2025-10-03,61,27,0.4426229508196721,61,27,0.442623,0,0,4.918032786571658e-08
2025-10-04,48,23,0.4791666666666667,48,23,0.479167,0,0,3.3333333332441484e-07
2025-10-05,25,10,0.4,25,10,0.4,0,0,0.0
2025-10-06,52,22,0.4230769230769231,52,22,0.423077,0,0,7.692307690820854e-08
2025-10-07,65,29,0.4461538461538462,65,29,0.446154,0,0,1.5384615381641709e-07
2025-10-08,53,22,0.4150943396226415,53,22,0.415094,0,0,-3.3962264145426246e-07
2025-10-09,58,25,0.4310344827586206,58,25,0.431034,0,0,-4.827586206346268e-07
2025-10-10,60,26,0.4333333333333333,60,26,0.433333,0,0,-3.333333332689037e-07
2025-10-11,52,23,0.4423076923076923,52,23,0.442308,0,0,3.076923076883453e-07
2025-10-13,43,17,0.3953488372093023,43,17,0.395349,0,0,1.6279069769975507e-07
2025-10-14,61,28,0.4590163934426229,61,28,0.459016,0,0,-3.934426229257326e-07
2025-10-15,55,23,0.4181818181818181,55,23,0.418182,0,0,1.8181818189910715e-07
2025-10-16,65,25,0.3846153846153846,65,25,0.384615,0,0,-3.8461538459655387e-07
2025-10-17,61,26,0.4262295081967213,61,26,0.42623,0,0,4.918032787126769e-07
2025-10-18,50,23,0.46,50,23,0.46,0,0,0.0
2025-10-19,31,10,0.3225806451612903,31,10,0.322581,0,0,3.54838709692995e-07
2025-10-20,50,22,0.44,50,22,0.44,0,0,0.0
2025-10-21,66,28,0.4242424242424242,66,28,0.424242,0,0,-4.242424241907017e-07
2025-10-22,58,24,0.4137931034482758,58,24,0.413793,0,0,-1.034482757789057e-07
2025-10-23,52,26,0.5,52,26,0.5,0,0,0.0
2025-10-24,52,26,0.5,52,26,0.5,0,0,0.0
2025-10-25,51,23,0.4509803921568627,51,23,0.45098,0,0,-3.9215686270521743e-07
2025-10-26,24,8,0.3333333333333333,24,8,0.333333,0,0,-3.3333333332441484e-07
2025-10-27,51,22,0.4313725490196078,51,22,0.431373,0,0,4.5098039219704233e-07
2025-10-28,67,28,0.417910447761194,67,28,0.41791,0,0,-4.477611940112425e-07
2025-10-29,57,23,0.4035087719298245,57,23,0.403509,0,0,2.280701755230652e-07
2025-10-30,70,25,0.3571428571428571,70,25,0.357143,0,0,1.4285714289297147e-07
2025-10-31,62,26,0.4193548387096774,62,26,0.419355,0,0,1.6129032259781795e-07
